site_name,PLOT,year,spp,phenophase,day,June_at,July_at
ZACKENBERG,Sax1,1996,SAXOPP,Flower,161,1.900833333,5.843682796
ZACKENBERG,Sax2,1996,SAXOPP,Flower,155,1.900833333,5.843682796
ZACKENBERG,Sax3,1996,SAXOPP,Flower,161,1.900833333,5.843682796
ZACKENBERG,Sal1,1996,SALARC,Flower,155,1.900833333,5.843682796
ZACKENBERG,Sal2,1996,SALARC,Flower,168,1.900833333,5.843682796
ZACKENBERG,Sal3,1996,SALARC,Flower,168,1.900833333,5.843682796
ZACKENBERG,Sal4,1996,SALARC,Flower,182,1.900833333,5.843682796
ZACKENBERG,Sil1,1996,SILACA,Flower,168,1.900833333,5.843682796
ZACKENBERG,Sil2,1996,SILACA,Flower,168,1.900833333,5.843682796
ZACKENBERG,Sil3,1996,SILACA,Flower,176,1.900833333,5.843682796
ZACKENBERG,Sil4,1996,SILACA,Flower,203,1.900833333,5.843682796
ZACKENBERG,Dry1,1996,DRYOCT,Flower,168,1.900833333,5.843682796
ZACKENBERG,Dry2,1996,DRYOCT,Flower,203,1.900833333,5.843682796
ZACKENBERG,Dry3,1996,DRYOCT,Flower,182,1.900833333,5.843682796
ZACKENBERG,Dry4,1996,DRYOCT,Flower,168,1.900833333,5.843682796
ZACKENBERG,Dry5,1996,DRYOCT,Flower,175,1.900833333,5.843682796
ZACKENBERG,Dry6,1996,DRYOCT,Flower,196,1.900833333,5.843682796
ZACKENBERG,Cas1,1996,CASTET,Flower,175,1.900833333,5.843682796
ZACKENBERG,Cas2,1996,CASTET,Flower,182,1.900833333,5.843682796
ZACKENBERG,Cas3,1996,CASTET,Flower,189,1.900833333,5.843682796
ZACKENBERG,Cas4,1996,CASTET,Flower,189,1.900833333,5.843682796
ZACKENBERG,Pap1,1996,PAPRAD,Flower,189,1.900833333,5.843682796
ZACKENBERG,Pap2,1996,PAPRAD,Flower,196,1.900833333,5.843682796
ZACKENBERG,Pap3,1996,PAPRAD,Flower,196,1.900833333,5.843682796
ZACKENBERG,Pap4,1996,PAPRAD,Flower,196,1.900833333,5.843682796
ZACKENBERG,Sax1,1997,SAXOPP,Flower,147,2.236574746,3.725134409
ZACKENBERG,Sax2,1997,SAXOPP,Flower,154,2.236574746,3.725134409
ZACKENBERG,Sax3,1997,SAXOPP,Flower,147,2.236574746,3.725134409
ZACKENBERG,Sal1,1997,SALARC,Flower,154,2.236574746,3.725134409
ZACKENBERG,Sal2,1997,SALARC,Flower,182,2.236574746,3.725134409
ZACKENBERG,Sal3,1997,SALARC,Flower,175,2.236574746,3.725134409
ZACKENBERG,Sal4,1997,SALARC,Flower,168,2.236574746,3.725134409
ZACKENBERG,Sil1,1997,SILACA,Flower,168,2.236574746,3.725134409
ZACKENBERG,Sil2,1997,SILACA,Flower,168,2.236574746,3.725134409
ZACKENBERG,Sil3,1997,SILACA,Flower,168,2.236574746,3.725134409
ZACKENBERG,Sil4,1997,SILACA,Flower,210,2.236574746,3.725134409
ZACKENBERG,Dry1,1997,DRYOCT,Flower,168,2.236574746,3.725134409
ZACKENBERG,Dry2,1997,DRYOCT,Flower,210,2.236574746,3.725134409
ZACKENBERG,Dry3,1997,DRYOCT,Flower,168,2.236574746,3.725134409
ZACKENBERG,Dry4,1997,DRYOCT,Flower,182,2.236574746,3.725134409
ZACKENBERG,Dry5,1997,DRYOCT,Flower,182,2.236574746,3.725134409
ZACKENBERG,Dry6,1997,DRYOCT,Flower,217,2.236574746,3.725134409
ZACKENBERG,Cas1,1997,CASTET,Flower,182,2.236574746,3.725134409
ZACKENBERG,Cas2,1997,CASTET,Flower,196,2.236574746,3.725134409
ZACKENBERG,Cas3,1997,CASTET,Flower,196,2.236574746,3.725134409
ZACKENBERG,Cas4,1997,CASTET,Flower,196,2.236574746,3.725134409
ZACKENBERG,Cas6,1997,CASTET,Flower,205,2.236574746,3.725134409
ZACKENBERG,Pap1,1997,PAPRAD,Flower,196,2.236574746,3.725134409
ZACKENBERG,Pap2,1997,PAPRAD,Flower,189,2.236574746,3.725134409
ZACKENBERG,Pap3,1997,PAPRAD,Flower,196,2.236574746,3.725134409
ZACKENBERG,Pap4,1997,PAPRAD,Flower,210,2.236574746,3.725134409
ZACKENBERG,Sax1,1998,SAXOPP,Flower,154,0.903611111,4.680972222
ZACKENBERG,Sax2,1998,SAXOPP,Flower,161,0.903611111,4.680972222
ZACKENBERG,Sax3,1998,SAXOPP,Flower,161,0.903611111,4.680972222
ZACKENBERG,Sal1,1998,SALARC,Flower,161,0.903611111,4.680972222
ZACKENBERG,Sal2,1998,SALARC,Flower,189,0.903611111,4.680972222
ZACKENBERG,Sal3,1998,SALARC,Flower,182,0.903611111,4.680972222
ZACKENBERG,Sal4,1998,SALARC,Flower,182,0.903611111,4.680972222
ZACKENBERG,Sil1,1998,SILACA,Flower,175,0.903611111,4.680972222
ZACKENBERG,Sil2,1998,SILACA,Flower,182,0.903611111,4.680972222
ZACKENBERG,Sil3,1998,SILACA,Flower,175,0.903611111,4.680972222
ZACKENBERG,Sil4,1998,SILACA,Flower,224,0.903611111,4.680972222
ZACKENBERG,Dry1,1998,DRYOCT,Flower,175,0.903611111,4.680972222
ZACKENBERG,Dry2,1998,DRYOCT,Flower,217,0.903611111,4.680972222
ZACKENBERG,Dry3,1998,DRYOCT,Flower,189,0.903611111,4.680972222
ZACKENBERG,Dry4,1998,DRYOCT,Flower,189,0.903611111,4.680972222
ZACKENBERG,Dry5,1998,DRYOCT,Flower,182,0.903611111,4.680972222
ZACKENBERG,Dry6,1998,DRYOCT,Flower,217,0.903611111,4.680972222
ZACKENBERG,Dry7,1998,DRYOCT,Flower,179,0.903611111,4.680972222
ZACKENBERG,Dry8,1998,DRYOCT,Flower,172,0.903611111,4.680972222
ZACKENBERG,Cas1,1998,CASTET,Flower,189,0.903611111,4.680972222
ZACKENBERG,Cas2,1998,CASTET,Flower,203,0.903611111,4.680972222
ZACKENBERG,Cas3,1998,CASTET,Flower,203,0.903611111,4.680972222
ZACKENBERG,Cas4,1998,CASTET,Flower,203,0.903611111,4.680972222
ZACKENBERG,Cas5,1998,CASTET,Flower,201,0.903611111,4.680972222
ZACKENBERG,Cas6,1998,CASTET,Flower,212,0.903611111,4.680972222
ZACKENBERG,Pap1,1998,PAPRAD,Flower,203,0.903611111,4.680972222
ZACKENBERG,Pap2,1998,PAPRAD,Flower,203,0.903611111,4.680972222
ZACKENBERG,Pap3,1998,PAPRAD,Flower,196,0.903611111,4.680972222
ZACKENBERG,Pap4,1998,PAPRAD,Flower,224,0.903611111,4.680972222
ZACKENBERG,Sax1,1999,SAXOPP,Flower,154,1.533055556,6.219354839
ZACKENBERG,Sax2,1999,SAXOPP,Flower,161,1.533055556,6.219354839
ZACKENBERG,Sax3,1999,SAXOPP,Flower,161,1.533055556,6.219354839
ZACKENBERG,Sal1,1999,SALARC,Flower,168,1.533055556,6.219354839
ZACKENBERG,Sal2,1999,SALARC,Flower,189,1.533055556,6.219354839
ZACKENBERG,Sal3,1999,SALARC,Flower,189,1.533055556,6.219354839
ZACKENBERG,Sal4,1999,SALARC,Flower,182,1.533055556,6.219354839
ZACKENBERG,Sil1,1999,SILACA,Flower,175,1.533055556,6.219354839
ZACKENBERG,Sil2,1999,SILACA,Flower,175,1.533055556,6.219354839
ZACKENBERG,Sil3,1999,SILACA,Flower,182,1.533055556,6.219354839
ZACKENBERG,Sil4,1999,SILACA,Flower,224,1.533055556,6.219354839
ZACKENBERG,Dry1,1999,DRYOCT,Flower,182,1.533055556,6.219354839
ZACKENBERG,Dry2,1999,DRYOCT,Flower,224,1.533055556,6.219354839
ZACKENBERG,Dry3,1999,DRYOCT,Flower,189,1.533055556,6.219354839
ZACKENBERG,Dry4,1999,DRYOCT,Flower,196,1.533055556,6.219354839
ZACKENBERG,Dry5,1999,DRYOCT,Flower,189,1.533055556,6.219354839
ZACKENBERG,Dry6,1999,DRYOCT,Flower,224,1.533055556,6.219354839
ZACKENBERG,Dry7,1999,DRYOCT,Flower,198,1.533055556,6.219354839
ZACKENBERG,Dry8,1999,DRYOCT,Flower,198,1.533055556,6.219354839
ZACKENBERG,Cas1,1999,CASTET,Flower,196,1.533055556,6.219354839
ZACKENBERG,Cas2,1999,CASTET,Flower,210,1.533055556,6.219354839
ZACKENBERG,Cas3,1999,CASTET,Flower,210,1.533055556,6.219354839
ZACKENBERG,Cas4,1999,CASTET,Flower,210,1.533055556,6.219354839
ZACKENBERG,Cas5,1999,CASTET,Flower,198,1.533055556,6.219354839
ZACKENBERG,Pap1,1999,PAPRAD,Flower,210,1.533055556,6.219354839
ZACKENBERG,Pap2,1999,PAPRAD,Flower,210,1.533055556,6.219354839
ZACKENBERG,Pap3,1999,PAPRAD,Flower,210,1.533055556,6.219354839
ZACKENBERG,Pap4,1999,PAPRAD,Flower,224,1.533055556,6.219354839
ZACKENBERG,Sax1,2000,SAXOPP,Flower,154,1.947777778,5.309139785
ZACKENBERG,Sax2,2000,SAXOPP,Flower,161,1.947777778,5.309139785
ZACKENBERG,Sax3,2000,SAXOPP,Flower,161,1.947777778,5.309139785
ZACKENBERG,Sal1,2000,SALARC,Flower,161,1.947777778,5.309139785
ZACKENBERG,Sal2,2000,SALARC,Flower,182,1.947777778,5.309139785
ZACKENBERG,Sal3,2000,SALARC,Flower,161,1.947777778,5.309139785
ZACKENBERG,Sal4,2000,SALARC,Flower,168,1.947777778,5.309139785
ZACKENBERG,Sil1,2000,SILACA,Flower,175,1.947777778,5.309139785
ZACKENBERG,Sil2,2000,SILACA,Flower,182,1.947777778,5.309139785
ZACKENBERG,Sil3,2000,SILACA,Flower,175,1.947777778,5.309139785
ZACKENBERG,Sil4,2000,SILACA,Flower,203,1.947777778,5.309139785
ZACKENBERG,Dry1,2000,DRYOCT,Flower,175,1.947777778,5.309139785
ZACKENBERG,Dry2,2000,DRYOCT,Flower,195,1.947777778,5.309139785
ZACKENBERG,Dry3,2000,DRYOCT,Flower,175,1.947777778,5.309139785
ZACKENBERG,Dry4,2000,DRYOCT,Flower,175,1.947777778,5.309139785
ZACKENBERG,Dry5,2000,DRYOCT,Flower,175,1.947777778,5.309139785
ZACKENBERG,Dry6,2000,DRYOCT,Flower,195,1.947777778,5.309139785
ZACKENBERG,Cas1,2000,CASTET,Flower,182,1.947777778,5.309139785
ZACKENBERG,Cas2,2000,CASTET,Flower,195,1.947777778,5.309139785
ZACKENBERG,Cas4,2000,CASTET,Flower,217,1.947777778,5.309139785
ZACKENBERG,Cas5,2000,CASTET,Flower,183,1.947777778,5.309139785
ZACKENBERG,Pap1,2000,PAPRAD,Flower,182,1.947777778,5.309139785
ZACKENBERG,Pap2,2000,PAPRAD,Flower,189,1.947777778,5.309139785
ZACKENBERG,Pap3,2000,PAPRAD,Flower,189,1.947777778,5.309139785
ZACKENBERG,Pap4,2000,PAPRAD,Flower,203,1.947777778,5.309139785
ZACKENBERG,Sax1,2001,SAXOPP,Flower,154,2.05375,4.909408602
ZACKENBERG,Sax2,2001,SAXOPP,Flower,154,2.05375,4.909408602
ZACKENBERG,Sax3,2001,SAXOPP,Flower,162,2.05375,4.909408602
ZACKENBERG,Sal1,2001,SALARC,Flower,162,2.05375,4.909408602
ZACKENBERG,Sal2,2001,SALARC,Flower,182,2.05375,4.909408602
ZACKENBERG,Sal3,2001,SALARC,Flower,169,2.05375,4.909408602
ZACKENBERG,Sal4,2001,SALARC,Flower,175,2.05375,4.909408602
ZACKENBERG,Sil1,2001,SILACA,Flower,169,2.05375,4.909408602
ZACKENBERG,Sil2,2001,SILACA,Flower,175,2.05375,4.909408602
ZACKENBERG,Sil3,2001,SILACA,Flower,182,2.05375,4.909408602
ZACKENBERG,Sil4,2001,SILACA,Flower,210,2.05375,4.909408602
ZACKENBERG,Dry1,2001,DRYOCT,Flower,169,2.05375,4.909408602
ZACKENBERG,Dry2,2001,DRYOCT,Flower,210,2.05375,4.909408602
ZACKENBERG,Dry3,2001,DRYOCT,Flower,182,2.05375,4.909408602
ZACKENBERG,Dry4,2001,DRYOCT,Flower,182,2.05375,4.909408602
ZACKENBERG,Dry5,2001,DRYOCT,Flower,182,2.05375,4.909408602
ZACKENBERG,Dry6,2001,DRYOCT,Flower,203,2.05375,4.909408602
ZACKENBERG,Cas1,2001,CASTET,Flower,182,2.05375,4.909408602
ZACKENBERG,Cas2,2001,CASTET,Flower,189,2.05375,4.909408602
ZACKENBERG,Cas3,2001,CASTET,Flower,189,2.05375,4.909408602
ZACKENBERG,Cas4,2001,CASTET,Flower,189,2.05375,4.909408602
ZACKENBERG,Pap1,2001,PAPRAD,Flower,189,2.05375,4.909408602
ZACKENBERG,Pap2,2001,PAPRAD,Flower,196,2.05375,4.909408602
ZACKENBERG,Pap3,2001,PAPRAD,Flower,196,2.05375,4.909408602
ZACKENBERG,Pap4,2001,PAPRAD,Flower,210,2.05375,4.909408602
ZACKENBERG,Sax1,2002,SAXOPP,Flower,151,2.633611111,5.669758065
ZACKENBERG,Sax2,2002,SAXOPP,Flower,154,2.633611111,5.669758065
ZACKENBERG,Sax3,2002,SAXOPP,Flower,154,2.633611111,5.669758065
ZACKENBERG,Sal1,2002,SALARC,Flower,161,2.633611111,5.669758065
ZACKENBERG,Sal2,2002,SALARC,Flower,175,2.633611111,5.669758065
ZACKENBERG,Sal3,2002,SALARC,Flower,161,2.633611111,5.669758065
ZACKENBERG,Sal4,2002,SALARC,Flower,168,2.633611111,5.669758065
ZACKENBERG,Sil1,2002,SILACA,Flower,168,2.633611111,5.669758065
ZACKENBERG,Sil2,2002,SILACA,Flower,175,2.633611111,5.669758065
ZACKENBERG,Sil3,2002,SILACA,Flower,168,2.633611111,5.669758065
ZACKENBERG,Sil4,2002,SILACA,Flower,203,2.633611111,5.669758065
ZACKENBERG,Dry1,2002,DRYOCT,Flower,168,2.633611111,5.669758065
ZACKENBERG,Dry2,2002,DRYOCT,Flower,203,2.633611111,5.669758065
ZACKENBERG,Dry3,2002,DRYOCT,Flower,182,2.633611111,5.669758065
ZACKENBERG,Dry4,2002,DRYOCT,Flower,182,2.633611111,5.669758065
ZACKENBERG,Dry5,2002,DRYOCT,Flower,175,2.633611111,5.669758065
ZACKENBERG,Dry6,2002,DRYOCT,Flower,203,2.633611111,5.669758065
ZACKENBERG,Cas1,2002,CASTET,Flower,182,2.633611111,5.669758065
ZACKENBERG,Cas2,2002,CASTET,Flower,189,2.633611111,5.669758065
ZACKENBERG,Cas3,2002,CASTET,Flower,189,2.633611111,5.669758065
ZACKENBERG,Cas4,2002,CASTET,Flower,189,2.633611111,5.669758065
ZACKENBERG,Pap1,2002,PAPRAD,Flower,189,2.633611111,5.669758065
ZACKENBERG,Pap2,2002,PAPRAD,Flower,189,2.633611111,5.669758065
ZACKENBERG,Pap3,2002,PAPRAD,Flower,189,2.633611111,5.669758065
ZACKENBERG,Pap4,2002,PAPRAD,Flower,210,2.633611111,5.669758065
ZACKENBERG,Sax1,2003,SAXOPP,Flower,161,2.208194444,7.653494624
ZACKENBERG,Sax2,2003,SAXOPP,Flower,161,2.208194444,7.653494624
ZACKENBERG,Sax3,2003,SAXOPP,Flower,168,2.208194444,7.653494624
ZACKENBERG,Sal1,2003,SALARC,Flower,168,2.208194444,7.653494624
ZACKENBERG,Sal2,2003,SALARC,Flower,175,2.208194444,7.653494624
ZACKENBERG,Sal3,2003,SALARC,Flower,161,2.208194444,7.653494624
ZACKENBERG,Sal4,2003,SALARC,Flower,175,2.208194444,7.653494624
ZACKENBERG,Sal7,2003,SALARC,Flower,189,2.208194444,7.653494624
ZACKENBERG,Sil1,2003,SILACA,Flower,182,2.208194444,7.653494624
ZACKENBERG,Sil2,2003,SILACA,Flower,175,2.208194444,7.653494624
ZACKENBERG,Sil3,2003,SILACA,Flower,175,2.208194444,7.653494624
ZACKENBERG,Sil4,2003,SILACA,Flower,196,2.208194444,7.653494624
ZACKENBERG,Dry1,2003,DRYOCT,Flower,182,2.208194444,7.653494624
ZACKENBERG,Dry2,2003,DRYOCT,Flower,196,2.208194444,7.653494624
ZACKENBERG,Dry3,2003,DRYOCT,Flower,182,2.208194444,7.653494624
ZACKENBERG,Dry4,2003,DRYOCT,Flower,168,2.208194444,7.653494624
ZACKENBERG,Dry5,2003,DRYOCT,Flower,175,2.208194444,7.653494624
ZACKENBERG,Dry6,2003,DRYOCT,Flower,189,2.208194444,7.653494624
ZACKENBERG,Cas1,2003,CASTET,Flower,175,2.208194444,7.653494624
ZACKENBERG,Cas2,2003,CASTET,Flower,182,2.208194444,7.653494624
ZACKENBERG,Cas3,2003,CASTET,Flower,182,2.208194444,7.653494624
ZACKENBERG,Cas4,2003,CASTET,Flower,182,2.208194444,7.653494624
ZACKENBERG,Pap1,2003,PAPRAD,Flower,182,2.208194444,7.653494624
ZACKENBERG,Pap2,2003,PAPRAD,Flower,189,2.208194444,7.653494624
ZACKENBERG,Pap3,2003,PAPRAD,Flower,189,2.208194444,7.653494624
ZACKENBERG,Pap4,2003,PAPRAD,Flower,196,2.208194444,7.653494624
ZACKENBERG,Sax1,2004,SAXOPP,Flower,153,2.466111111,7.168682796
ZACKENBERG,Sax2,2004,SAXOPP,Flower,153,2.466111111,7.168682796
ZACKENBERG,Sax3,2004,SAXOPP,Flower,153,2.466111111,7.168682796
ZACKENBERG,Sal1,2004,SALARC,Flower,154,2.466111111,7.168682796
ZACKENBERG,Sal2,2004,SALARC,Flower,170,2.466111111,7.168682796
ZACKENBERG,Sal3,2004,SALARC,Flower,154,2.466111111,7.168682796
ZACKENBERG,Sal4,2004,SALARC,Flower,168,2.466111111,7.168682796
ZACKENBERG,Sal5,2004,SALARC,Flower,175,2.466111111,7.168682796
ZACKENBERG,Sal6,2004,SALARC,Flower,182,2.466111111,7.168682796
ZACKENBERG,Sal7,2004,SALARC,Flower,189,2.466111111,7.168682796
ZACKENBERG,Sil1,2004,SILACA,Flower,168,2.466111111,7.168682796
ZACKENBERG,Sil2,2004,SILACA,Flower,168,2.466111111,7.168682796
ZACKENBERG,Sil3,2004,SILACA,Flower,168,2.466111111,7.168682796
ZACKENBERG,Sil4,2004,SILACA,Flower,189,2.466111111,7.168682796
ZACKENBERG,Dry1,2004,DRYOCT,Flower,168,2.466111111,7.168682796
ZACKENBERG,Dry2,2004,DRYOCT,Flower,196,2.466111111,7.168682796
ZACKENBERG,Dry3,2004,DRYOCT,Flower,175,2.466111111,7.168682796
ZACKENBERG,Dry4,2004,DRYOCT,Flower,168,2.466111111,7.168682796
ZACKENBERG,Dry5,2004,DRYOCT,Flower,161,2.466111111,7.168682796
ZACKENBERG,Dry6,2004,DRYOCT,Flower,197,2.466111111,7.168682796
ZACKENBERG,Cas1,2004,CASTET,Flower,175,2.466111111,7.168682796
ZACKENBERG,Cas2,2004,CASTET,Flower,182,2.466111111,7.168682796
ZACKENBERG,Cas3,2004,CASTET,Flower,182,2.466111111,7.168682796
ZACKENBERG,Cas4,2004,CASTET,Flower,182,2.466111111,7.168682796
ZACKENBERG,Pap1,2004,PAPRAD,Flower,189,2.466111111,7.168682796
ZACKENBERG,Pap2,2004,PAPRAD,Flower,189,2.466111111,7.168682796
ZACKENBERG,Pap3,2004,PAPRAD,Flower,182,2.466111111,7.168682796
ZACKENBERG,Pap4,2004,PAPRAD,Flower,197,2.466111111,7.168682796
ZACKENBERG,Sax1,2005,SAXOPP,Flower,147,2.711527778,6.928225806
ZACKENBERG,Sax2,2005,SAXOPP,Flower,147,2.711527778,6.928225806
ZACKENBERG,Sax3,2005,SAXOPP,Flower,147,2.711527778,6.928225806
ZACKENBERG,Sal1,2005,SALARC,Flower,155,2.711527778,6.928225806
ZACKENBERG,Sal2,2005,SALARC,Flower,168,2.711527778,6.928225806
ZACKENBERG,Sal3,2005,SALARC,Flower,155,2.711527778,6.928225806
ZACKENBERG,Sal4,2005,SALARC,Flower,161,2.711527778,6.928225806
ZACKENBERG,Sal5,2005,SALARC,Flower,168,2.711527778,6.928225806
ZACKENBERG,Sal6,2005,SALARC,Flower,182,2.711527778,6.928225806
ZACKENBERG,Sal7,2005,SALARC,Flower,189,2.711527778,6.928225806
ZACKENBERG,Sil1,2005,SILACA,Flower,168,2.711527778,6.928225806
ZACKENBERG,Sil2,2005,SILACA,Flower,168,2.711527778,6.928225806
ZACKENBERG,Sil3,2005,SILACA,Flower,168,2.711527778,6.928225806
ZACKENBERG,Sil4,2005,SILACA,Flower,196,2.711527778,6.928225806
ZACKENBERG,Dry1,2005,DRYOCT,Flower,164,2.711527778,6.928225806
ZACKENBERG,Dry2,2005,DRYOCT,Flower,198,2.711527778,6.928225806
ZACKENBERG,Dry3,2005,DRYOCT,Flower,164,2.711527778,6.928225806
ZACKENBERG,Dry4,2005,DRYOCT,Flower,164,2.711527778,6.928225806
ZACKENBERG,Dry5,2005,DRYOCT,Flower,164,2.711527778,6.928225806
ZACKENBERG,Dry6,2005,DRYOCT,Flower,194,2.711527778,6.928225806
ZACKENBERG,Cas1,2005,CASTET,Flower,167,2.711527778,6.928225806
ZACKENBERG,Cas2,2005,CASTET,Flower,173,2.711527778,6.928225806
ZACKENBERG,Cas3,2005,CASTET,Flower,173,2.711527778,6.928225806
ZACKENBERG,Cas4,2005,CASTET,Flower,183,2.711527778,6.928225806
ZACKENBERG,Pap1,2005,PAPRAD,Flower,182,2.711527778,6.928225806
ZACKENBERG,Pap2,2005,PAPRAD,Flower,182,2.711527778,6.928225806
ZACKENBERG,Pap3,2005,PAPRAD,Flower,189,2.711527778,6.928225806
ZACKENBERG,Pap4,2005,PAPRAD,Flower,196,2.711527778,6.928225806
ZACKENBERG,Sax1,2006,SAXOPP,Flower,147,1.031944444,6.627016129
ZACKENBERG,Sax2,2006,SAXOPP,Flower,154,1.031944444,6.627016129
ZACKENBERG,Sax3,2006,SAXOPP,Flower,168,1.031944444,6.627016129
ZACKENBERG,Sal1,2006,SALARC,Flower,161,1.031944444,6.627016129
ZACKENBERG,Sal2,2006,SALARC,Flower,196,1.031944444,6.627016129
ZACKENBERG,Sal3,2006,SALARC,Flower,168,1.031944444,6.627016129
ZACKENBERG,Sal4,2006,SALARC,Flower,182,1.031944444,6.627016129
ZACKENBERG,Sal5,2006,SALARC,Flower,196,1.031944444,6.627016129
ZACKENBERG,Sal6,2006,SALARC,Flower,203,1.031944444,6.627016129
ZACKENBERG,Sal7,2006,SALARC,Flower,203,1.031944444,6.627016129
ZACKENBERG,Sil1,2006,SILACA,Flower,164,1.031944444,6.627016129
ZACKENBERG,Sil2,2006,SILACA,Flower,168,1.031944444,6.627016129
ZACKENBERG,Sil3,2006,SILACA,Flower,183,1.031944444,6.627016129
ZACKENBERG,Sil4,2006,SILACA,Flower,210,1.031944444,6.627016129
ZACKENBERG,Dry1,2006,DRYOCT,Flower,175,1.031944444,6.627016129
ZACKENBERG,Dry2,2006,DRYOCT,Flower,210,1.031944444,6.627016129
ZACKENBERG,Dry3,2006,DRYOCT,Flower,175,1.031944444,6.627016129
ZACKENBERG,Dry4,2006,DRYOCT,Flower,183,1.031944444,6.627016129
ZACKENBERG,Dry5,2006,DRYOCT,Flower,168,1.031944444,6.627016129
ZACKENBERG,Dry6,2006,DRYOCT,Flower,210,1.031944444,6.627016129
ZACKENBERG,Dry7,2006,DRYOCT,Flower,189,1.031944444,6.627016129
ZACKENBERG,Dry8,2006,DRYOCT,Flower,189,1.031944444,6.627016129
ZACKENBERG,Cas1,2006,CASTET,Flower,182,1.031944444,6.627016129
ZACKENBERG,Cas2,2006,CASTET,Flower,203,1.031944444,6.627016129
ZACKENBERG,Cas3,2006,CASTET,Flower,203,1.031944444,6.627016129
ZACKENBERG,Cas4,2006,CASTET,Flower,196,1.031944444,6.627016129
ZACKENBERG,Cas5,2006,CASTET,Flower,192,1.031944444,6.627016129
ZACKENBERG,Cas6,2006,CASTET,Flower,208,1.031944444,6.627016129
ZACKENBERG,Pap1,2006,PAPRAD,Flower,203,1.031944444,6.627016129
ZACKENBERG,Pap2,2006,PAPRAD,Flower,203,1.031944444,6.627016129
ZACKENBERG,Pap3,2006,PAPRAD,Flower,203,1.031944444,6.627016129
ZACKENBERG,Pap4,2006,PAPRAD,Flower,217,1.031944444,6.627016129
ZACKENBERG,Sax1,2007,SAXOPP,Flower,161,3.3125,5.878763441
ZACKENBERG,Sax2,2007,SAXOPP,Flower,154,3.3125,5.878763441
ZACKENBERG,Sax3,2007,SAXOPP,Flower,161,3.3125,5.878763441
ZACKENBERG,Sal1,2007,SALARC,Flower,161,3.3125,5.878763441
ZACKENBERG,Sal2,2007,SALARC,Flower,175,3.3125,5.878763441
ZACKENBERG,Sal3,2007,SALARC,Flower,161,3.3125,5.878763441
ZACKENBERG,Sal4,2007,SALARC,Flower,168,3.3125,5.878763441
ZACKENBERG,Sal5,2007,SALARC,Flower,175,3.3125,5.878763441
ZACKENBERG,Sal6,2007,SALARC,Flower,182,3.3125,5.878763441
ZACKENBERG,Sal7,2007,SALARC,Flower,182,3.3125,5.878763441
ZACKENBERG,Sil1,2007,SILACA,Flower,168,3.3125,5.878763441
ZACKENBERG,Sil2,2007,SILACA,Flower,175,3.3125,5.878763441
ZACKENBERG,Sil3,2007,SILACA,Flower,182,3.3125,5.878763441
ZACKENBERG,Sil4,2007,SILACA,Flower,189,3.3125,5.878763441
ZACKENBERG,Dry1,2007,DRYOCT,Flower,168,3.3125,5.878763441
ZACKENBERG,Dry2,2007,DRYOCT,Flower,189,3.3125,5.878763441
ZACKENBERG,Dry3,2007,DRYOCT,Flower,175,3.3125,5.878763441
ZACKENBERG,Dry4,2007,DRYOCT,Flower,175,3.3125,5.878763441
ZACKENBERG,Dry5,2007,DRYOCT,Flower,168,3.3125,5.878763441
ZACKENBERG,Dry6,2007,DRYOCT,Flower,189,3.3125,5.878763441
ZACKENBERG,Cas1,2007,CASTET,Flower,175,3.3125,5.878763441
ZACKENBERG,Cas2,2007,CASTET,Flower,189,3.3125,5.878763441
ZACKENBERG,Cas3,2007,CASTET,Flower,182,3.3125,5.878763441
ZACKENBERG,Cas4,2007,CASTET,Flower,182,3.3125,5.878763441
ZACKENBERG,Pap1,2007,PAPRAD,Flower,189,3.3125,5.878763441
ZACKENBERG,Pap2,2007,PAPRAD,Flower,182,3.3125,5.878763441
ZACKENBERG,Pap3,2007,PAPRAD,Flower,189,3.3125,5.878763441
ZACKENBERG,Pap3 ,2007,PAPRAD,Flower,196,3.3125,5.878763441
ZACKENBERG,Pap4,2007,PAPRAD,Flower,189,3.3125,5.878763441
ZACKENBERG,Sax1,2008,SAXOPP,Flower,161,5.165138889,8.733870968
ZACKENBERG,Sax2,2008,SAXOPP,Flower,154,5.165138889,8.733870968
ZACKENBERG,Sax3,2008,SAXOPP,Flower,161,5.165138889,8.733870968
ZACKENBERG,K1S,2008,SALARC,Flower,184,5.165138889,8.733870968
ZACKENBERG,K2S,2008,SALARC,Flower,177,5.165138889,8.733870968
ZACKENBERG,K3S,2008,SALARC,Flower,177,5.165138889,8.733870968
ZACKENBERG,K4S,2008,SALARC,Flower,177,5.165138889,8.733870968
ZACKENBERG,K5S,2008,SALARC,Flower,177,5.165138889,8.733870968
ZACKENBERG,Sal1,2008,SALARC,Flower,155,5.165138889,8.733870968
ZACKENBERG,Sal2,2008,SALARC,Flower,182,5.165138889,8.733870968
ZACKENBERG,Sal3,2008,SALARC,Flower,176,5.165138889,8.733870968
ZACKENBERG,Sal4,2008,SALARC,Flower,168,5.165138889,8.733870968
ZACKENBERG,Sal5,2008,SALARC,Flower,189,5.165138889,8.733870968
ZACKENBERG,Sal6,2008,SALARC,Flower,197,5.165138889,8.733870968
ZACKENBERG,Sal7,2008,SALARC,Flower,198,5.165138889,8.733870968
ZACKENBERG,W1S,2008,SALARC,Flower,177,5.165138889,8.733870968
ZACKENBERG,W2S,2008,SALARC,Flower,177,5.165138889,8.733870968
ZACKENBERG,W3S,2008,SALARC,Flower,177,5.165138889,8.733870968
ZACKENBERG,W4S,2008,SALARC,Flower,177,5.165138889,8.733870968
ZACKENBERG,W5S,2008,SALARC,Flower,177,5.165138889,8.733870968
ZACKENBERG,Sil1,2008,SILACA,Flower,168,5.165138889,8.733870968
ZACKENBERG,Sil2,2008,SILACA,Flower,168,5.165138889,8.733870968
ZACKENBERG,Sil3,2008,SILACA,Flower,168,5.165138889,8.733870968
ZACKENBERG,Sil4,2008,SILACA,Flower,206,5.165138889,8.733870968
ZACKENBERG,Dry1,2008,DRYOCT,Flower,169,5.165138889,8.733870968
ZACKENBERG,Dry2,2008,DRYOCT,Flower,204,5.165138889,8.733870968
ZACKENBERG,Dry3,2008,DRYOCT,Flower,168,5.165138889,8.733870968
ZACKENBERG,Dry4,2008,DRYOCT,Flower,183,5.165138889,8.733870968
ZACKENBERG,Dry5,2008,DRYOCT,Flower,176,5.165138889,8.733870968
ZACKENBERG,Dry6,2008,DRYOCT,Flower,206,5.165138889,8.733870968
ZACKENBERG,Cas1,2008,CASTET,Flower,182,5.165138889,8.733870968
ZACKENBERG,Cas2,2008,CASTET,Flower,189,5.165138889,8.733870968
ZACKENBERG,Cas3,2008,CASTET,Flower,189,5.165138889,8.733870968
ZACKENBERG,Cas4,2008,CASTET,Flower,197,5.165138889,8.733870968
ZACKENBERG,K1C,2008,CASTET,Flower,191,5.165138889,8.733870968
ZACKENBERG,K2C,2008,CASTET,Flower,191,5.165138889,8.733870968
ZACKENBERG,K3C,2008,CASTET,Flower,191,5.165138889,8.733870968
ZACKENBERG,K4C,2008,CASTET,Flower,191,5.165138889,8.733870968
ZACKENBERG,K5C,2008,CASTET,Flower,191,5.165138889,8.733870968
ZACKENBERG,W1C,2008,CASTET,Flower,184,5.165138889,8.733870968
ZACKENBERG,W2C,2008,CASTET,Flower,191,5.165138889,8.733870968
ZACKENBERG,W3C,2008,CASTET,Flower,191,5.165138889,8.733870968
ZACKENBERG,W4C,2008,CASTET,Flower,191,5.165138889,8.733870968
ZACKENBERG,W5C,2008,CASTET,Flower,191,5.165138889,8.733870968
ZACKENBERG,Pap1,2008,PAPRAD,Flower,189,5.165138889,8.733870968
ZACKENBERG,Pap2,2008,PAPRAD,Flower,197,5.165138889,8.733870968
ZACKENBERG,Pap3,2008,PAPRAD,Flower,197,5.165138889,8.733870968
ZACKENBERG,Pap4,2008,PAPRAD,Flower,206,5.165138889,8.733870968
ZACKENBERG,Sax1,2009,SAXOPP,Flower,147,1.890138889,7.856854839
ZACKENBERG,Sax2,2009,SAXOPP,Flower,147,1.890138889,7.856854839
ZACKENBERG,Sax3,2009,SAXOPP,Flower,148,1.890138889,7.856854839
ZACKENBERG,K1S,2009,SALARC,Flower,176,1.890138889,7.856854839
ZACKENBERG,K2S,2009,SALARC,Flower,169,1.890138889,7.856854839
ZACKENBERG,K3S,2009,SALARC,Flower,176,1.890138889,7.856854839
ZACKENBERG,K4S,2009,SALARC,Flower,176,1.890138889,7.856854839
ZACKENBERG,K5S,2009,SALARC,Flower,169,1.890138889,7.856854839
ZACKENBERG,Sal1,2009,SALARC,Flower,154,1.890138889,7.856854839
ZACKENBERG,Sal2,2009,SALARC,Flower,161,1.890138889,7.856854839
ZACKENBERG,Sal3,2009,SALARC,Flower,154,1.890138889,7.856854839
ZACKENBERG,Sal4,2009,SALARC,Flower,161,1.890138889,7.856854839
ZACKENBERG,Sal5,2009,SALARC,Flower,161,1.890138889,7.856854839
ZACKENBERG,Sal6,2009,SALARC,Flower,169,1.890138889,7.856854839
ZACKENBERG,Sal7,2009,SALARC,Flower,175,1.890138889,7.856854839
ZACKENBERG,W1S,2009,SALARC,Flower,176,1.890138889,7.856854839
ZACKENBERG,W2S,2009,SALARC,Flower,176,1.890138889,7.856854839
ZACKENBERG,W3S,2009,SALARC,Flower,169,1.890138889,7.856854839
ZACKENBERG,W4S,2009,SALARC,Flower,169,1.890138889,7.856854839
ZACKENBERG,W5S,2009,SALARC,Flower,197,1.890138889,7.856854839
ZACKENBERG,Sil1,2009,SILACA,Flower,169,1.890138889,7.856854839
ZACKENBERG,Sil2,2009,SILACA,Flower,183,1.890138889,7.856854839
ZACKENBERG,Sil3,2009,SILACA,Flower,169,1.890138889,7.856854839
ZACKENBERG,Sil4,2009,SILACA,Flower,183,1.890138889,7.856854839
ZACKENBERG,Dry1,2009,DRYOCT,Flower,161,1.890138889,7.856854839
ZACKENBERG,Dry2,2009,DRYOCT,Flower,189,1.890138889,7.856854839
ZACKENBERG,Dry3,2009,DRYOCT,Flower,175,1.890138889,7.856854839
ZACKENBERG,Dry4,2009,DRYOCT,Flower,169,1.890138889,7.856854839
ZACKENBERG,Dry5,2009,DRYOCT,Flower,169,1.890138889,7.856854839
ZACKENBERG,Dry6,2009,DRYOCT,Flower,185,1.890138889,7.856854839
ZACKENBERG,Cas1,2009,CASTET,Flower,169,1.890138889,7.856854839
ZACKENBERG,Cas2,2009,CASTET,Flower,175,1.890138889,7.856854839
ZACKENBERG,Cas3,2009,CASTET,Flower,169,1.890138889,7.856854839
ZACKENBERG,Cas4,2009,CASTET,Flower,185,1.890138889,7.856854839
ZACKENBERG,K1C,2009,CASTET,Flower,176,1.890138889,7.856854839
ZACKENBERG,K2C,2009,CASTET,Flower,183,1.890138889,7.856854839
ZACKENBERG,K3C,2009,CASTET,Flower,183,1.890138889,7.856854839
ZACKENBERG,K4C,2009,CASTET,Flower,183,1.890138889,7.856854839
ZACKENBERG,K5C,2009,CASTET,Flower,183,1.890138889,7.856854839
ZACKENBERG,W1C,2009,CASTET,Flower,176,1.890138889,7.856854839
ZACKENBERG,W2C,2009,CASTET,Flower,176,1.890138889,7.856854839
ZACKENBERG,W3C,2009,CASTET,Flower,176,1.890138889,7.856854839
ZACKENBERG,W4C,2009,CASTET,Flower,176,1.890138889,7.856854839
ZACKENBERG,W5C,2009,CASTET,Flower,176,1.890138889,7.856854839
ZACKENBERG,Pap1,2009,PAPRAD,Flower,183,1.890138889,7.856854839
ZACKENBERG,Pap2,2009,PAPRAD,Flower,175,1.890138889,7.856854839
ZACKENBERG,Pap3,2009,PAPRAD,Flower,185,1.890138889,7.856854839
ZACKENBERG,Pap4,2009,PAPRAD,Flower,185,1.890138889,7.856854839
ZACKENBERG,Sax1,2010,SAXOPP,Flower,147,1.870138889,5.341801075
ZACKENBERG,Sax2,2010,SAXOPP,Flower,151,1.870138889,5.341801075
ZACKENBERG,Sax3,2010,SAXOPP,Flower,154,1.870138889,5.341801075
ZACKENBERG,K1S,2010,SALARC,Flower,183,1.870138889,5.341801075
ZACKENBERG,K2S,2010,SALARC,Flower,183,1.870138889,5.341801075
ZACKENBERG,K3S,2010,SALARC,Flower,183,1.870138889,5.341801075
ZACKENBERG,K5S,2010,SALARC,Flower,183,1.870138889,5.341801075
ZACKENBERG,Sal1,2010,SALARC,Flower,161,1.870138889,5.341801075
ZACKENBERG,Sal2,2010,SALARC,Flower,175,1.870138889,5.341801075
ZACKENBERG,Sal3,2010,SALARC,Flower,154,1.870138889,5.341801075
ZACKENBERG,Sal4,2010,SALARC,Flower,168,1.870138889,5.341801075
ZACKENBERG,Sal5,2010,SALARC,Flower,175,1.870138889,5.341801075
ZACKENBERG,Sal6,2010,SALARC,Flower,183,1.870138889,5.341801075
ZACKENBERG,Sal7,2010,SALARC,Flower,183,1.870138889,5.341801075
ZACKENBERG,W1S,2010,SALARC,Flower,183,1.870138889,5.341801075
ZACKENBERG,W2S,2010,SALARC,Flower,183,1.870138889,5.341801075
ZACKENBERG,W3S,2010,SALARC,Flower,183,1.870138889,5.341801075
ZACKENBERG,W4S,2010,SALARC,Flower,183,1.870138889,5.341801075
ZACKENBERG,Sil1,2010,SILACA,Flower,168,1.870138889,5.341801075
ZACKENBERG,Sil2,2010,SILACA,Flower,168,1.870138889,5.341801075
ZACKENBERG,Sil3,2010,SILACA,Flower,175,1.870138889,5.341801075
ZACKENBERG,Sil4,2010,SILACA,Flower,196,1.870138889,5.341801075
ZACKENBERG,Dry1,2010,DRYOCT,Flower,168,1.870138889,5.341801075
ZACKENBERG,Dry2,2010,DRYOCT,Flower,196,1.870138889,5.341801075
ZACKENBERG,Dry3,2010,DRYOCT,Flower,168,1.870138889,5.341801075
ZACKENBERG,Dry4,2010,DRYOCT,Flower,168,1.870138889,5.341801075
ZACKENBERG,Dry5,2010,DRYOCT,Flower,168,1.870138889,5.341801075
ZACKENBERG,Dry6,2010,DRYOCT,Flower,196,1.870138889,5.341801075
ZACKENBERG,Cas1,2010,CASTET,Flower,175,1.870138889,5.341801075
ZACKENBERG,Cas2,2010,CASTET,Flower,183,1.870138889,5.341801075
ZACKENBERG,Cas3,2010,CASTET,Flower,183,1.870138889,5.341801075
ZACKENBERG,Cas4,2010,CASTET,Flower,183,1.870138889,5.341801075
ZACKENBERG,K1C,2010,CASTET,Flower,189,1.870138889,5.341801075
ZACKENBERG,K2C,2010,CASTET,Flower,183,1.870138889,5.341801075
ZACKENBERG,K3C,2010,CASTET,Flower,189,1.870138889,5.341801075
ZACKENBERG,K4C,2010,CASTET,Flower,189,1.870138889,5.341801075
ZACKENBERG,K5C,2010,CASTET,Flower,189,1.870138889,5.341801075
ZACKENBERG,W1C,2010,CASTET,Flower,183,1.870138889,5.341801075
ZACKENBERG,W2C,2010,CASTET,Flower,183,1.870138889,5.341801075
ZACKENBERG,W3C,2010,CASTET,Flower,189,1.870138889,5.341801075
ZACKENBERG,W4C,2010,CASTET,Flower,189,1.870138889,5.341801075
ZACKENBERG,W5C,2010,CASTET,Flower,189,1.870138889,5.341801075
ZACKENBERG,Pap1,2010,PAPRAD,Flower,183,1.870138889,5.341801075
ZACKENBERG,Pap2,2010,PAPRAD,Flower,189,1.870138889,5.341801075
ZACKENBERG,Pap3,2010,PAPRAD,Flower,189,1.870138889,5.341801075
ZACKENBERG,Pap4,2010,PAPRAD,Flower,196,1.870138889,5.341801075
ZACKENBERG,Sax1,2011,SAXOPP,Flower,147,2.341527778,5.811155914
ZACKENBERG,Sax2,2011,SAXOPP,Flower,147,2.341527778,5.811155914
ZACKENBERG,Sax3,2011,SAXOPP,Flower,147,2.341527778,5.811155914
ZACKENBERG,K1S,2011,SALARC,Flower,184,2.341527778,5.811155914
ZACKENBERG,K2S,2011,SALARC,Flower,184,2.341527778,5.811155914
ZACKENBERG,K3S,2011,SALARC,Flower,189,2.341527778,5.811155914
ZACKENBERG,K4S,2011,SALARC,Flower,184,2.341527778,5.811155914
ZACKENBERG,K5S,2011,SALARC,Flower,184,2.341527778,5.811155914
ZACKENBERG,Sal1,2011,SALARC,Flower,154,2.341527778,5.811155914
ZACKENBERG,Sal2,2011,SALARC,Flower,175,2.341527778,5.811155914
ZACKENBERG,Sal3,2011,SALARC,Flower,154,2.341527778,5.811155914
ZACKENBERG,Sal4,2011,SALARC,Flower,161,2.341527778,5.811155914
ZACKENBERG,Sal5,2011,SALARC,Flower,175,2.341527778,5.811155914
ZACKENBERG,Sal6,2011,SALARC,Flower,182,2.341527778,5.811155914
ZACKENBERG,Sal7,2011,SALARC,Flower,182,2.341527778,5.811155914
ZACKENBERG,W1S,2011,SALARC,Flower,175,2.341527778,5.811155914
ZACKENBERG,W2S,2011,SALARC,Flower,184,2.341527778,5.811155914
ZACKENBERG,W3S,2011,SALARC,Flower,175,2.341527778,5.811155914
ZACKENBERG,W4S,2011,SALARC,Flower,184,2.341527778,5.811155914
ZACKENBERG,W5S,2011,SALARC,Flower,189,2.341527778,5.811155914
ZACKENBERG,Sil1,2011,SILACA,Flower,168,2.341527778,5.811155914
ZACKENBERG,Sil2,2011,SILACA,Flower,175,2.341527778,5.811155914
ZACKENBERG,Sil3,2011,SILACA,Flower,168,2.341527778,5.811155914
ZACKENBERG,Sil4,2011,SILACA,Flower,189,2.341527778,5.811155914
ZACKENBERG,Dry1,2011,DRYOCT,Flower,161,2.341527778,5.811155914
ZACKENBERG,Dry2,2011,DRYOCT,Flower,189,2.341527778,5.811155914
ZACKENBERG,Dry3,2011,DRYOCT,Flower,168,2.341527778,5.811155914
ZACKENBERG,Dry4,2011,DRYOCT,Flower,175,2.341527778,5.811155914
ZACKENBERG,Dry5,2011,DRYOCT,Flower,161,2.341527778,5.811155914
ZACKENBERG,Dry6,2011,DRYOCT,Flower,189,2.341527778,5.811155914
ZACKENBERG,Cas1,2011,CASTET,Flower,175,2.341527778,5.811155914
ZACKENBERG,Cas2,2011,CASTET,Flower,175,2.341527778,5.811155914
ZACKENBERG,Cas3,2011,CASTET,Flower,182,2.341527778,5.811155914
ZACKENBERG,Cas4,2011,CASTET,Flower,182,2.341527778,5.811155914
ZACKENBERG,K1C,2011,CASTET,Flower,184,2.341527778,5.811155914
ZACKENBERG,K2C,2011,CASTET,Flower,184,2.341527778,5.811155914
ZACKENBERG,K3C,2011,CASTET,Flower,184,2.341527778,5.811155914
ZACKENBERG,K4C,2011,CASTET,Flower,184,2.341527778,5.811155914
ZACKENBERG,K5C,2011,CASTET,Flower,184,2.341527778,5.811155914
ZACKENBERG,W1C,2011,CASTET,Flower,175,2.341527778,5.811155914
ZACKENBERG,W2C,2011,CASTET,Flower,184,2.341527778,5.811155914
ZACKENBERG,W3C,2011,CASTET,Flower,184,2.341527778,5.811155914
ZACKENBERG,W4C,2011,CASTET,Flower,184,2.341527778,5.811155914
ZACKENBERG,W5C,2011,CASTET,Flower,184,2.341527778,5.811155914
ZACKENBERG,Pap1,2011,PAPRAD,Flower,175,2.341527778,5.811155914
ZACKENBERG,Pap2,2011,PAPRAD,Flower,189,2.341527778,5.811155914
ZACKENBERG,Pap3,2011,PAPRAD,Flower,189,2.341527778,5.811155914
ZACKENBERG,Pap4,2011,PAPRAD,Flower,196,2.341527778,5.811155914
ZACKENBERG,Sax1,2012,SAXOPP,Flower,154,3.091666667,7.402956989
ZACKENBERG,Sax2,2012,SAXOPP,Flower,154,3.091666667,7.402956989
ZACKENBERG,Sax3,2012,SAXOPP,Flower,168,3.091666667,7.402956989
ZACKENBERG,K1S,2012,SALARC,Flower,184,3.091666667,7.402956989
ZACKENBERG,K2S,2012,SALARC,Flower,184,3.091666667,7.402956989
ZACKENBERG,K3S,2012,SALARC,Flower,184,3.091666667,7.402956989
ZACKENBERG,K4S,2012,SALARC,Flower,184,3.091666667,7.402956989
ZACKENBERG,K5S,2012,SALARC,Flower,184,3.091666667,7.402956989
ZACKENBERG,Sal1,2012,SALARC,Flower,168,3.091666667,7.402956989
ZACKENBERG,Sal2,2012,SALARC,Flower,189,3.091666667,7.402956989
ZACKENBERG,Sal3,2012,SALARC,Flower,176,3.091666667,7.402956989
ZACKENBERG,Sal4,2012,SALARC,Flower,183,3.091666667,7.402956989
ZACKENBERG,Sal5,2012,SALARC,Flower,189,3.091666667,7.402956989
ZACKENBERG,Sal6,2012,SALARC,Flower,197,3.091666667,7.402956989
ZACKENBERG,Sal7,2012,SALARC,Flower,196,3.091666667,7.402956989
ZACKENBERG,W1S,2012,SALARC,Flower,184,3.091666667,7.402956989
ZACKENBERG,W2S,2012,SALARC,Flower,184,3.091666667,7.402956989
ZACKENBERG,W3S,2012,SALARC,Flower,184,3.091666667,7.402956989
ZACKENBERG,W4S,2012,SALARC,Flower,184,3.091666667,7.402956989
ZACKENBERG,W5S,2012,SALARC,Flower,196,3.091666667,7.402956989
ZACKENBERG,Sil1,2012,SILACA,Flower,176,3.091666667,7.402956989
ZACKENBERG,Sil2,2012,SILACA,Flower,168,3.091666667,7.402956989
ZACKENBERG,Sil3,2012,SILACA,Flower,183,3.091666667,7.402956989
ZACKENBERG,Sil4,2012,SILACA,Flower,203,3.091666667,7.402956989
ZACKENBERG,Dry1,2012,DRYOCT,Flower,168,3.091666667,7.402956989
ZACKENBERG,Dry2,2012,DRYOCT,Flower,203,3.091666667,7.402956989
ZACKENBERG,Dry3,2012,DRYOCT,Flower,168,3.091666667,7.402956989
ZACKENBERG,Dry4,2012,DRYOCT,Flower,190,3.091666667,7.402956989
ZACKENBERG,Dry5,2012,DRYOCT,Flower,176,3.091666667,7.402956989
ZACKENBERG,Dry6,2012,DRYOCT,Flower,203,3.091666667,7.402956989
ZACKENBERG,Cas1,2012,CASTET,Flower,183,3.091666667,7.402956989
ZACKENBERG,Cas2,2012,CASTET,Flower,196,3.091666667,7.402956989
ZACKENBERG,Cas3,2012,CASTET,Flower,197,3.091666667,7.402956989
ZACKENBERG,Cas4,2012,CASTET,Flower,197,3.091666667,7.402956989
ZACKENBERG,K1C,2012,CASTET,Flower,189,3.091666667,7.402956989
ZACKENBERG,K2C,2012,CASTET,Flower,196,3.091666667,7.402956989
ZACKENBERG,K3C,2012,CASTET,Flower,196,3.091666667,7.402956989
ZACKENBERG,K4C,2012,CASTET,Flower,196,3.091666667,7.402956989
ZACKENBERG,K5C,2012,CASTET,Flower,196,3.091666667,7.402956989
ZACKENBERG,W1C,2012,CASTET,Flower,189,3.091666667,7.402956989
ZACKENBERG,W2C,2012,CASTET,Flower,196,3.091666667,7.402956989
ZACKENBERG,W3C,2012,CASTET,Flower,196,3.091666667,7.402956989
ZACKENBERG,W4C,2012,CASTET,Flower,196,3.091666667,7.402956989
ZACKENBERG,W5C,2012,CASTET,Flower,196,3.091666667,7.402956989
ZACKENBERG,Pap1,2012,PAPRAD,Flower,203,3.091666667,7.402956989
ZACKENBERG,Pap2,2012,PAPRAD,Flower,196,3.091666667,7.402956989
ZACKENBERG,Pap3,2012,PAPRAD,Flower,197,3.091666667,7.402956989
ZACKENBERG,Pap4,2012,PAPRAD,Flower,203,3.091666667,7.402956989
ZACKENBERG,Sax1,2013,SAXOPP,Flower,154,2.952045134,7.167473118
ZACKENBERG,Sax2,2013,SAXOPP,Flower,161,2.952045134,7.167473118
ZACKENBERG,Sax3,2013,SAXOPP,Flower,154,2.952045134,7.167473118
ZACKENBERG,K1S,2013,SALARC,Flower,203,2.952045134,7.167473118
ZACKENBERG,K2S,2013,SALARC,Flower,161,2.952045134,7.167473118
ZACKENBERG,K4S,2013,SALARC,Flower,168,2.952045134,7.167473118
ZACKENBERG,K5S,2013,SALARC,Flower,161,2.952045134,7.167473118
ZACKENBERG,Sal1,2013,SALARC,Flower,161,2.952045134,7.167473118
ZACKENBERG,Sal2,2013,SALARC,Flower,161,2.952045134,7.167473118
ZACKENBERG,Sal3,2013,SALARC,Flower,161,2.952045134,7.167473118
ZACKENBERG,Sal4,2013,SALARC,Flower,161,2.952045134,7.167473118
ZACKENBERG,Sal5,2013,SALARC,Flower,161,2.952045134,7.167473118
ZACKENBERG,Sal6,2013,SALARC,Flower,161,2.952045134,7.167473118
ZACKENBERG,Sal7,2013,SALARC,Flower,168,2.952045134,7.167473118
ZACKENBERG,W1S,2013,SALARC,Flower,168,2.952045134,7.167473118
ZACKENBERG,W2S,2013,SALARC,Flower,161,2.952045134,7.167473118
ZACKENBERG,W3S,2013,SALARC,Flower,168,2.952045134,7.167473118
ZACKENBERG,W4S,2013,SALARC,Flower,168,2.952045134,7.167473118
ZACKENBERG,W5S,2013,SALARC,Flower,168,2.952045134,7.167473118
ZACKENBERG,Sil1,2013,SILACA,Flower,168,2.952045134,7.167473118
ZACKENBERG,Sil2,2013,SILACA,Flower,175,2.952045134,7.167473118
ZACKENBERG,Sil3,2013,SILACA,Flower,168,2.952045134,7.167473118
ZACKENBERG,Sil4,2013,SILACA,Flower,175,2.952045134,7.167473118
ZACKENBERG,Dry1,2013,DRYOCT,Flower,168,2.952045134,7.167473118
ZACKENBERG,Dry2,2013,DRYOCT,Flower,182,2.952045134,7.167473118
ZACKENBERG,Dry3,2013,DRYOCT,Flower,175,2.952045134,7.167473118
ZACKENBERG,Dry4,2013,DRYOCT,Flower,168,2.952045134,7.167473118
ZACKENBERG,Dry5,2013,DRYOCT,Flower,168,2.952045134,7.167473118
ZACKENBERG,Dry6,2013,DRYOCT,Flower,175,2.952045134,7.167473118
ZACKENBERG,Cas1,2013,CASTET,Flower,168,2.952045134,7.167473118
ZACKENBERG,Cas2,2013,CASTET,Flower,168,2.952045134,7.167473118
ZACKENBERG,Cas3,2013,CASTET,Flower,168,2.952045134,7.167473118
ZACKENBERG,Cas4,2013,CASTET,Flower,175,2.952045134,7.167473118
ZACKENBERG,K1C,2013,CASTET,Flower,175,2.952045134,7.167473118
ZACKENBERG,K2C,2013,CASTET,Flower,175,2.952045134,7.167473118
ZACKENBERG,K3C,2013,CASTET,Flower,168,2.952045134,7.167473118
ZACKENBERG,K4C,2013,CASTET,Flower,168,2.952045134,7.167473118
ZACKENBERG,K5C,2013,CASTET,Flower,175,2.952045134,7.167473118
ZACKENBERG,W1C,2013,CASTET,Flower,161,2.952045134,7.167473118
ZACKENBERG,W2C,2013,CASTET,Flower,168,2.952045134,7.167473118
ZACKENBERG,W3C,2013,CASTET,Flower,168,2.952045134,7.167473118
ZACKENBERG,W4C,2013,CASTET,Flower,168,2.952045134,7.167473118
ZACKENBERG,W5C,2013,CASTET,Flower,168,2.952045134,7.167473118
ZACKENBERG,Pap1,2013,PAPRAD,Flower,182,2.952045134,7.167473118
ZACKENBERG,Pap2,2013,PAPRAD,Flower,182,2.952045134,7.167473118
ZACKENBERG,Pap3,2013,PAPRAD,Flower,175,2.952045134,7.167473118
ZACKENBERG,Pap4,2013,PAPRAD,Flower,175,2.952045134,7.167473118
ZACKENBERG,Sax1,2014,SAXOPP,Flower,161,1.732188841,6.766263441
ZACKENBERG,Sax2,2014,SAXOPP,Flower,161,1.732188841,6.766263441
ZACKENBERG,Sax3,2014,SAXOPP,Flower,161,1.732188841,6.766263441
ZACKENBERG,Sal1,2014,SALARC,Flower,168,1.732188841,6.766263441
ZACKENBERG,Sal2,2014,SALARC,Flower,190,1.732188841,6.766263441
ZACKENBERG,Sal3,2014,SALARC,Flower,175,1.732188841,6.766263441
ZACKENBERG,Sal4,2014,SALARC,Flower,183,1.732188841,6.766263441
ZACKENBERG,Sal5,2014,SALARC,Flower,190,1.732188841,6.766263441
ZACKENBERG,Sal6,2014,SALARC,Flower,197,1.732188841,6.766263441
ZACKENBERG,Sal7,2014,SALARC,Flower,197,1.732188841,6.766263441
ZACKENBERG,Si1,2014,SILACA,Flower,175,1.732188841,6.766263441
ZACKENBERG,Si2,2014,SILACA,Flower,183,1.732188841,6.766263441
ZACKENBERG,Si3,2014,SILACA,Flower,190,1.732188841,6.766263441
ZACKENBERG,Si4,2014,SILACA,Flower,204,1.732188841,6.766263441
ZACKENBERG,Dry1,2014,DRYOCT,Flower,168,1.732188841,6.766263441
ZACKENBERG,Dry2,2014,DRYOCT,Flower,211,1.732188841,6.766263441
ZACKENBERG,Dry3,2014,DRYOCT,Flower,190,1.732188841,6.766263441
ZACKENBERG,Dry4,2014,DRYOCT,Flower,183,1.732188841,6.766263441
ZACKENBERG,Dry5,2014,DRYOCT,Flower,183,1.732188841,6.766263441
ZACKENBERG,Dry6,2014,DRYOCT,Flower,211,1.732188841,6.766263441
ZACKENBERG,Cas1,2014,CASTET,Flower,190,1.732188841,6.766263441
ZACKENBERG,Cas2,2014,CASTET,Flower,190,1.732188841,6.766263441
ZACKENBERG,Cas3,2014,CASTET,Flower,190,1.732188841,6.766263441
ZACKENBERG,Cas4,2014,CASTET,Flower,197,1.732188841,6.766263441
ZACKENBERG,Pap1,2014,PAPRAD,Flower,197,1.732188841,6.766263441
ZACKENBERG,Pap2,2014,PAPRAD,Flower,204,1.732188841,6.766263441
ZACKENBERG,Pap3,2014,PAPRAD,Flower,197,1.732188841,6.766263441
ZACKENBERG,Pap4,2014,PAPRAD,Flower,211,1.732188841,6.766263441
ZACKENBERG,Sax3,1998,SAXOPP,FlowerEnd,166,0.903611111,4.680972222
ZACKENBERG,Sax1,1998,SAXOPP,FlowerEnd,168,0.903611111,4.680972222
ZACKENBERG,Sax2,1998,SAXOPP,FlowerEnd,168,0.903611111,4.680972222
ZACKENBERG,Cas5,1998,CASTET,FlowerEnd,201,0.903611111,4.680972222
ZACKENBERG,Cas2,1998,CASTET,FlowerEnd,206,0.903611111,4.680972222
ZACKENBERG,Cas1,1998,CASTET,FlowerEnd,210,0.903611111,4.680972222
ZACKENBERG,Cas3,1998,CASTET,FlowerEnd,210,0.903611111,4.680972222
ZACKENBERG,Cas4,1998,CASTET,FlowerEnd,210,0.903611111,4.680972222
ZACKENBERG,Cas6,1998,CASTET,FlowerEnd,222,0.903611111,4.680972222
ZACKENBERG,Dry1,1998,DRYOCT,FlowerEnd,182,0.903611111,4.680972222
ZACKENBERG,Dry5,1998,DRYOCT,FlowerEnd,189,0.903611111,4.680972222
ZACKENBERG,Dry7,1998,DRYOCT,FlowerEnd,191,0.903611111,4.680972222
ZACKENBERG,Dry8,1998,DRYOCT,FlowerEnd,192,0.903611111,4.680972222
ZACKENBERG,Dry3,1998,DRYOCT,FlowerEnd,196,0.903611111,4.680972222
ZACKENBERG,Dry2,1998,DRYOCT,FlowerEnd,224,0.903611111,4.680972222
ZACKENBERG,Pap1,1998,PAPRAD,FlowerEnd,210,0.903611111,4.680972222
ZACKENBERG,Pap2,1998,PAPRAD,FlowerEnd,217,0.903611111,4.680972222
ZACKENBERG,Pap3,1998,PAPRAD,FlowerEnd,217,0.903611111,4.680972222
ZACKENBERG,Pap4,1998,PAPRAD,FlowerEnd,231,0.903611111,4.680972222
ZACKENBERG,Sil1,1998,SILACA,FlowerEnd,189,0.903611111,4.680972222
ZACKENBERG,Sil2,1998,SILACA,FlowerEnd,189,0.903611111,4.680972222
ZACKENBERG,Sil3,1998,SILACA,FlowerEnd,189,0.903611111,4.680972222
ZACKENBERG,Sil4,1998,SILACA,FlowerEnd,231,0.903611111,4.680972222
ZACKENBERG,Sax1,2006,SAXOPP,FlowerEnd,154,1.031944444,6.627016129
ZACKENBERG,Sax2,2006,SAXOPP,FlowerEnd,161,1.031944444,6.627016129
ZACKENBERG,Sax3,2006,SAXOPP,FlowerEnd,189,1.031944444,6.627016129
ZACKENBERG,Cas1,2006,CASTET,FlowerEnd,189,1.031944444,6.627016129
ZACKENBERG,Cas5,2006,CASTET,FlowerEnd,192,1.031944444,6.627016129
ZACKENBERG,Cas4,2006,CASTET,FlowerEnd,203,1.031944444,6.627016129
ZACKENBERG,Cas2,2006,CASTET,FlowerEnd,206,1.031944444,6.627016129
ZACKENBERG,Cas3,2006,CASTET,FlowerEnd,206,1.031944444,6.627016129
ZACKENBERG,Cas6,2006,CASTET,FlowerEnd,208,1.031944444,6.627016129
ZACKENBERG,Dry1,2006,DRYOCT,FlowerEnd,175,1.031944444,6.627016129
ZACKENBERG,Dry3,2006,DRYOCT,FlowerEnd,175,1.031944444,6.627016129
ZACKENBERG,Dry5,2006,DRYOCT,FlowerEnd,175,1.031944444,6.627016129
ZACKENBERG,Dry7,2006,DRYOCT,FlowerEnd,189,1.031944444,6.627016129
ZACKENBERG,Dry8,2006,DRYOCT,FlowerEnd,189,1.031944444,6.627016129
ZACKENBERG,Dry4,2006,DRYOCT,FlowerEnd,196,1.031944444,6.627016129
ZACKENBERG,Dry2,2006,DRYOCT,FlowerEnd,217,1.031944444,6.627016129
ZACKENBERG,Dry6,2006,DRYOCT,FlowerEnd,219,1.031944444,6.627016129
ZACKENBERG,Pap3,2006,PAPRAD,FlowerEnd,203,1.031944444,6.627016129
ZACKENBERG,Pap1,2006,PAPRAD,FlowerEnd,210,1.031944444,6.627016129
ZACKENBERG,Pap2,2006,PAPRAD,FlowerEnd,210,1.031944444,6.627016129
ZACKENBERG,Pap4,2006,PAPRAD,FlowerEnd,224,1.031944444,6.627016129
ZACKENBERG,Sil1,2006,SILACA,FlowerEnd,168,1.031944444,6.627016129
ZACKENBERG,Sil2,2006,SILACA,FlowerEnd,175,1.031944444,6.627016129
ZACKENBERG,Sil3,2006,SILACA,FlowerEnd,192,1.031944444,6.627016129
ZACKENBERG,Sil4,2006,SILACA,FlowerEnd,220,1.031944444,6.627016129
ZACKENBERG,Sax1,1999,SAXOPP,FlowerEnd,168,1.533055556,6.219354839
ZACKENBERG,Sax2,1999,SAXOPP,FlowerEnd,175,1.533055556,6.219354839
ZACKENBERG,Sax3,1999,SAXOPP,FlowerEnd,182,1.533055556,6.219354839
ZACKENBERG,Cas1,1999,CASTET,FlowerEnd,203,1.533055556,6.219354839
ZACKENBERG,Cas4,1999,CASTET,FlowerEnd,210,1.533055556,6.219354839
ZACKENBERG,Cas2,1999,CASTET,FlowerEnd,217,1.533055556,6.219354839
ZACKENBERG,Cas3,1999,CASTET,FlowerEnd,217,1.533055556,6.219354839
ZACKENBERG,Cas5,1999,CASTET,FlowerEnd,221,1.533055556,6.219354839
ZACKENBERG,Cas6,1999,CASTET,FlowerEnd,233,1.533055556,6.219354839
ZACKENBERG,Dry1,1999,DRYOCT,FlowerEnd,189,1.533055556,6.219354839
ZACKENBERG,Dry5,1999,DRYOCT,FlowerEnd,196,1.533055556,6.219354839
ZACKENBERG,Dry8,1999,DRYOCT,FlowerEnd,198,1.533055556,6.219354839
ZACKENBERG,Dry3,1999,DRYOCT,FlowerEnd,203,1.533055556,6.219354839
ZACKENBERG,Dry4,1999,DRYOCT,FlowerEnd,203,1.533055556,6.219354839
ZACKENBERG,Dry7,1999,DRYOCT,FlowerEnd,214,1.533055556,6.219354839
ZACKENBERG,Dry2,1999,DRYOCT,FlowerEnd,236,1.533055556,6.219354839
ZACKENBERG,Dry6,1999,DRYOCT,FlowerEnd,238,1.533055556,6.219354839
ZACKENBERG,Pap1,1999,PAPRAD,FlowerEnd,217,1.533055556,6.219354839
ZACKENBERG,Pap2,1999,PAPRAD,FlowerEnd,217,1.533055556,6.219354839
ZACKENBERG,Pap3,1999,PAPRAD,FlowerEnd,217,1.533055556,6.219354839
ZACKENBERG,Pap4,1999,PAPRAD,FlowerEnd,238,1.533055556,6.219354839
ZACKENBERG,Sil1,1999,SILACA,FlowerEnd,189,1.533055556,6.219354839
ZACKENBERG,Sil2,1999,SILACA,FlowerEnd,189,1.533055556,6.219354839
ZACKENBERG,Sil3,1999,SILACA,FlowerEnd,189,1.533055556,6.219354839
ZACKENBERG,Sil4,1999,SILACA,FlowerEnd,231,1.533055556,6.219354839
ZACKENBERG,Sax1,2014,SAXOPP,FlowerEnd,168,1.732188841,6.766263441
ZACKENBERG,Sax2,2014,SAXOPP,FlowerEnd,175,1.732188841,6.766263441
ZACKENBERG,Sax3,2014,SAXOPP,FlowerEnd,175,1.732188841,6.766263441
ZACKENBERG,Cas1,2014,CASTET,FlowerEnd,197,1.732188841,6.766263441
ZACKENBERG,Cas2,2014,CASTET,FlowerEnd,197,1.732188841,6.766263441
ZACKENBERG,Cas3,2014,CASTET,FlowerEnd,204,1.732188841,6.766263441
ZACKENBERG,Cas4,2014,CASTET,FlowerEnd,204,1.732188841,6.766263441
ZACKENBERG,Dry1,2014,DRYOCT,FlowerEnd,175,1.732188841,6.766263441
ZACKENBERG,Dry3,2014,DRYOCT,FlowerEnd,197,1.732188841,6.766263441
ZACKENBERG,Dry4,2014,DRYOCT,FlowerEnd,197,1.732188841,6.766263441
ZACKENBERG,Dry5,2014,DRYOCT,FlowerEnd,197,1.732188841,6.766263441
ZACKENBERG,Dry2,2014,DRYOCT,FlowerEnd,218,1.732188841,6.766263441
ZACKENBERG,Dry6,2014,DRYOCT,FlowerEnd,218,1.732188841,6.766263441
ZACKENBERG,Pap1,2014,PAPRAD,FlowerEnd,204,1.732188841,6.766263441
ZACKENBERG,Pap2,2014,PAPRAD,FlowerEnd,211,1.732188841,6.766263441
ZACKENBERG,Pap3,2014,PAPRAD,FlowerEnd,211,1.732188841,6.766263441
ZACKENBERG,Pap4,2014,PAPRAD,FlowerEnd,225,1.732188841,6.766263441
ZACKENBERG,Si1,2014,SILACA,FlowerEnd,190,1.732188841,6.766263441
ZACKENBERG,Si2,2014,SILACA,FlowerEnd,197,1.732188841,6.766263441
ZACKENBERG,Si3,2014,SILACA,FlowerEnd,197,1.732188841,6.766263441
ZACKENBERG,Si4,2014,SILACA,FlowerEnd,211,1.732188841,6.766263441
ZACKENBERG,Sax1,2010,SAXOPP,FlowerEnd,161,1.870138889,5.341801075
ZACKENBERG,Sax2,2010,SAXOPP,FlowerEnd,161,1.870138889,5.341801075
ZACKENBERG,Sax3,2010,SAXOPP,FlowerEnd,168,1.870138889,5.341801075
ZACKENBERG,Cas1,2010,CASTET,FlowerEnd,183,1.870138889,5.341801075
ZACKENBERG,Cas2,2010,CASTET,FlowerEnd,196,1.870138889,5.341801075
ZACKENBERG,Cas3,2010,CASTET,FlowerEnd,196,1.870138889,5.341801075
ZACKENBERG,Cas4,2010,CASTET,FlowerEnd,196,1.870138889,5.341801075
ZACKENBERG,K1C,2010,CASTET,FlowerEnd,197,1.870138889,5.341801075
ZACKENBERG,K2C,2010,CASTET,FlowerEnd,197,1.870138889,5.341801075
ZACKENBERG,K3C,2010,CASTET,FlowerEnd,197,1.870138889,5.341801075
ZACKENBERG,K4C,2010,CASTET,FlowerEnd,197,1.870138889,5.341801075
ZACKENBERG,K5C,2010,CASTET,FlowerEnd,197,1.870138889,5.341801075
ZACKENBERG,W1C,2010,CASTET,FlowerEnd,197,1.870138889,5.341801075
ZACKENBERG,W2C,2010,CASTET,FlowerEnd,197,1.870138889,5.341801075
ZACKENBERG,W4C,2010,CASTET,FlowerEnd,197,1.870138889,5.341801075
ZACKENBERG,W3C,2010,CASTET,FlowerEnd,229,1.870138889,5.341801075
ZACKENBERG,W5C,2010,CASTET,FlowerEnd,244,1.870138889,5.341801075
ZACKENBERG,Dry1,2010,DRYOCT,FlowerEnd,175,1.870138889,5.341801075
ZACKENBERG,Dry4,2010,DRYOCT,FlowerEnd,175,1.870138889,5.341801075
ZACKENBERG,Dry5,2010,DRYOCT,FlowerEnd,175,1.870138889,5.341801075
ZACKENBERG,Dry3,2010,DRYOCT,FlowerEnd,183,1.870138889,5.341801075
ZACKENBERG,Dry2,2010,DRYOCT,FlowerEnd,203,1.870138889,5.341801075
ZACKENBERG,Dry6,2010,DRYOCT,FlowerEnd,203,1.870138889,5.341801075
ZACKENBERG,Pap1,2010,PAPRAD,FlowerEnd,196,1.870138889,5.341801075
ZACKENBERG,Pap2,2010,PAPRAD,FlowerEnd,196,1.870138889,5.341801075
ZACKENBERG,Pap3,2010,PAPRAD,FlowerEnd,203,1.870138889,5.341801075
ZACKENBERG,Pap4,2010,PAPRAD,FlowerEnd,203,1.870138889,5.341801075
ZACKENBERG,Sil1,2010,SILACA,FlowerEnd,175,1.870138889,5.341801075
ZACKENBERG,Sil2,2010,SILACA,FlowerEnd,183,1.870138889,5.341801075
ZACKENBERG,Sil3,2010,SILACA,FlowerEnd,183,1.870138889,5.341801075
ZACKENBERG,Sil4,2010,SILACA,FlowerEnd,203,1.870138889,5.341801075
ZACKENBERG,Sax3,2009,SAXOPP,FlowerEnd,161,1.890138889,7.856854839
ZACKENBERG,Cas1,2009,CASTET,FlowerEnd,183,1.890138889,7.856854839
ZACKENBERG,W1C,2009,CASTET,FlowerEnd,183,1.890138889,7.856854839
ZACKENBERG,Cas2,2009,CASTET,FlowerEnd,189,1.890138889,7.856854839
ZACKENBERG,Cas3,2009,CASTET,FlowerEnd,189,1.890138889,7.856854839
ZACKENBERG,Cas4,2009,CASTET,FlowerEnd,189,1.890138889,7.856854839
ZACKENBERG,K1C,2009,CASTET,FlowerEnd,189,1.890138889,7.856854839
ZACKENBERG,K5C,2009,CASTET,FlowerEnd,189,1.890138889,7.856854839
ZACKENBERG,W2C,2009,CASTET,FlowerEnd,189,1.890138889,7.856854839
ZACKENBERG,W3C,2009,CASTET,FlowerEnd,189,1.890138889,7.856854839
ZACKENBERG,W4C,2009,CASTET,FlowerEnd,189,1.890138889,7.856854839
ZACKENBERG,W5C,2009,CASTET,FlowerEnd,189,1.890138889,7.856854839
ZACKENBERG,K2C,2009,CASTET,FlowerEnd,197,1.890138889,7.856854839
ZACKENBERG,K3C,2009,CASTET,FlowerEnd,197,1.890138889,7.856854839
ZACKENBERG,K4C,2009,CASTET,FlowerEnd,197,1.890138889,7.856854839
ZACKENBERG,Dry1,2009,DRYOCT,FlowerEnd,175,1.890138889,7.856854839
ZACKENBERG,Dry5,2009,DRYOCT,FlowerEnd,175,1.890138889,7.856854839
ZACKENBERG,Dry3,2009,DRYOCT,FlowerEnd,183,1.890138889,7.856854839
ZACKENBERG,Dry4,2009,DRYOCT,FlowerEnd,183,1.890138889,7.856854839
ZACKENBERG,Dry6,2009,DRYOCT,FlowerEnd,189,1.890138889,7.856854839
ZACKENBERG,Dry2,2009,DRYOCT,FlowerEnd,196,1.890138889,7.856854839
ZACKENBERG,Pap1,2009,PAPRAD,FlowerEnd,189,1.890138889,7.856854839
ZACKENBERG,Pap2,2009,PAPRAD,FlowerEnd,189,1.890138889,7.856854839
ZACKENBERG,Pap3,2009,PAPRAD,FlowerEnd,189,1.890138889,7.856854839
ZACKENBERG,Pap4,2009,PAPRAD,FlowerEnd,196,1.890138889,7.856854839
ZACKENBERG,Sil1,2009,SILACA,FlowerEnd,183,1.890138889,7.856854839
ZACKENBERG,Sil3,2009,SILACA,FlowerEnd,183,1.890138889,7.856854839
ZACKENBERG,Sil2,2009,SILACA,FlowerEnd,189,1.890138889,7.856854839
ZACKENBERG,Sil4,2009,SILACA,FlowerEnd,189,1.890138889,7.856854839
ZACKENBERG,Sax1,1996,SAXOPP,FlowerEnd,161,1.900833333,5.843682796
ZACKENBERG,Sax2,1996,SAXOPP,FlowerEnd,168,1.900833333,5.843682796
ZACKENBERG,Sax3,1996,SAXOPP,FlowerEnd,168,1.900833333,5.843682796
ZACKENBERG,Cas1,1996,CASTET,FlowerEnd,193,1.900833333,5.843682796
ZACKENBERG,Cas2,1996,CASTET,FlowerEnd,196,1.900833333,5.843682796
ZACKENBERG,Cas3,1996,CASTET,FlowerEnd,203,1.900833333,5.843682796
ZACKENBERG,Cas4,1996,CASTET,FlowerEnd,203,1.900833333,5.843682796
ZACKENBERG,Dry1,1996,DRYOCT,FlowerEnd,175,1.900833333,5.843682796
ZACKENBERG,Dry4,1996,DRYOCT,FlowerEnd,182,1.900833333,5.843682796
ZACKENBERG,Dry3,1996,DRYOCT,FlowerEnd,189,1.900833333,5.843682796
ZACKENBERG,Dry5,1996,DRYOCT,FlowerEnd,189,1.900833333,5.843682796
ZACKENBERG,Dry6,1996,DRYOCT,FlowerEnd,203,1.900833333,5.843682796
ZACKENBERG,Dry2,1996,DRYOCT,FlowerEnd,210,1.900833333,5.843682796
ZACKENBERG,Pap1,1996,PAPRAD,FlowerEnd,203,1.900833333,5.843682796
ZACKENBERG,Pap2,1996,PAPRAD,FlowerEnd,203,1.900833333,5.843682796
ZACKENBERG,Pap3,1996,PAPRAD,FlowerEnd,203,1.900833333,5.843682796
ZACKENBERG,Pap4,1996,PAPRAD,FlowerEnd,210,1.900833333,5.843682796
ZACKENBERG,Sil1,1996,SILACA,FlowerEnd,175,1.900833333,5.843682796
ZACKENBERG,Sil2,1996,SILACA,FlowerEnd,175,1.900833333,5.843682796
ZACKENBERG,Sil3,1996,SILACA,FlowerEnd,182,1.900833333,5.843682796
ZACKENBERG,Sil4,1996,SILACA,FlowerEnd,210,1.900833333,5.843682796
ZACKENBERG,Sax1,2000,SAXOPP,FlowerEnd,168,1.947777778,5.309139785
ZACKENBERG,Sax2,2000,SAXOPP,FlowerEnd,168,1.947777778,5.309139785
ZACKENBERG,Sax3,2000,SAXOPP,FlowerEnd,168,1.947777778,5.309139785
ZACKENBERG,Cas5,2000,CASTET,FlowerEnd,183,1.947777778,5.309139785
ZACKENBERG,Cas1,2000,CASTET,FlowerEnd,189,1.947777778,5.309139785
ZACKENBERG,Cas2,2000,CASTET,FlowerEnd,210,1.947777778,5.309139785
ZACKENBERG,Dry1,2000,DRYOCT,FlowerEnd,182,1.947777778,5.309139785
ZACKENBERG,Dry4,2000,DRYOCT,FlowerEnd,182,1.947777778,5.309139785
ZACKENBERG,Dry5,2000,DRYOCT,FlowerEnd,182,1.947777778,5.309139785
ZACKENBERG,Dry3,2000,DRYOCT,FlowerEnd,189,1.947777778,5.309139785
ZACKENBERG,Dry2,2000,DRYOCT,FlowerEnd,210,1.947777778,5.309139785
ZACKENBERG,Dry6,2000,DRYOCT,FlowerEnd,210,1.947777778,5.309139785
ZACKENBERG,Pap1,2000,PAPRAD,FlowerEnd,189,1.947777778,5.309139785
ZACKENBERG,Pap2,2000,PAPRAD,FlowerEnd,203,1.947777778,5.309139785
ZACKENBERG,Pap3,2000,PAPRAD,FlowerEnd,203,1.947777778,5.309139785
ZACKENBERG,Pap4,2000,PAPRAD,FlowerEnd,210,1.947777778,5.309139785
ZACKENBERG,Sil1,2000,SILACA,FlowerEnd,182,1.947777778,5.309139785
ZACKENBERG,Sil3,2000,SILACA,FlowerEnd,182,1.947777778,5.309139785
ZACKENBERG,Sil2,2000,SILACA,FlowerEnd,189,1.947777778,5.309139785
ZACKENBERG,Sil4,2000,SILACA,FlowerEnd,210,1.947777778,5.309139785
ZACKENBERG,Sax1,2001,SAXOPP,FlowerEnd,169,2.05375,4.909408602
ZACKENBERG,Sax2,2001,SAXOPP,FlowerEnd,169,2.05375,4.909408602
ZACKENBERG,Sax3,2001,SAXOPP,FlowerEnd,169,2.05375,4.909408602
ZACKENBERG,Cas1,2001,CASTET,FlowerEnd,196,2.05375,4.909408602
ZACKENBERG,Cas2,2001,CASTET,FlowerEnd,203,2.05375,4.909408602
ZACKENBERG,Cas3,2001,CASTET,FlowerEnd,203,2.05375,4.909408602
ZACKENBERG,Cas4,2001,CASTET,FlowerEnd,210,2.05375,4.909408602
ZACKENBERG,Dry1,2001,DRYOCT,FlowerEnd,182,2.05375,4.909408602
ZACKENBERG,Dry3,2001,DRYOCT,FlowerEnd,189,2.05375,4.909408602
ZACKENBERG,Dry5,2001,DRYOCT,FlowerEnd,189,2.05375,4.909408602
ZACKENBERG,Dry4,2001,DRYOCT,FlowerEnd,196,2.05375,4.909408602
ZACKENBERG,Dry2,2001,DRYOCT,FlowerEnd,217,2.05375,4.909408602
ZACKENBERG,Dry6,2001,DRYOCT,FlowerEnd,217,2.05375,4.909408602
ZACKENBERG,Pap1,2001,PAPRAD,FlowerEnd,203,2.05375,4.909408602
ZACKENBERG,Pap2,2001,PAPRAD,FlowerEnd,203,2.05375,4.909408602
ZACKENBERG,Pap3,2001,PAPRAD,FlowerEnd,210,2.05375,4.909408602
ZACKENBERG,Pap4,2001,PAPRAD,FlowerEnd,224,2.05375,4.909408602
ZACKENBERG,Sil1,2001,SILACA,FlowerEnd,189,2.05375,4.909408602
ZACKENBERG,Sil2,2001,SILACA,FlowerEnd,189,2.05375,4.909408602
ZACKENBERG,Sil3,2001,SILACA,FlowerEnd,203,2.05375,4.909408602
ZACKENBERG,Sil4,2001,SILACA,FlowerEnd,224,2.05375,4.909408602
ZACKENBERG,Sax1,2003,SAXOPP,FlowerEnd,175,2.208194444,7.653494624
ZACKENBERG,Sax2,2003,SAXOPP,FlowerEnd,175,2.208194444,7.653494624
ZACKENBERG,Sax3,2003,SAXOPP,FlowerEnd,175,2.208194444,7.653494624
ZACKENBERG,Cas1,2003,CASTET,FlowerEnd,189,2.208194444,7.653494624
ZACKENBERG,Cas2,2003,CASTET,FlowerEnd,189,2.208194444,7.653494624
ZACKENBERG,Cas3,2003,CASTET,FlowerEnd,196,2.208194444,7.653494624
ZACKENBERG,Cas4,2003,CASTET,FlowerEnd,196,2.208194444,7.653494624
ZACKENBERG,Dry1,2003,DRYOCT,FlowerEnd,189,2.208194444,7.653494624
ZACKENBERG,Dry3,2003,DRYOCT,FlowerEnd,189,2.208194444,7.653494624
ZACKENBERG,Dry4,2003,DRYOCT,FlowerEnd,189,2.208194444,7.653494624
ZACKENBERG,Dry5,2003,DRYOCT,FlowerEnd,189,2.208194444,7.653494624
ZACKENBERG,Dry2,2003,DRYOCT,FlowerEnd,203,2.208194444,7.653494624
ZACKENBERG,Dry6,2003,DRYOCT,FlowerEnd,203,2.208194444,7.653494624
ZACKENBERG,Pap1,2003,PAPRAD,FlowerEnd,189,2.208194444,7.653494624
ZACKENBERG,Pap2,2003,PAPRAD,FlowerEnd,196,2.208194444,7.653494624
ZACKENBERG,Pap3,2003,PAPRAD,FlowerEnd,196,2.208194444,7.653494624
ZACKENBERG,Pap4,2003,PAPRAD,FlowerEnd,203,2.208194444,7.653494624
ZACKENBERG,Sil1,2003,SILACA,FlowerEnd,189,2.208194444,7.653494624
ZACKENBERG,Sil2,2003,SILACA,FlowerEnd,189,2.208194444,7.653494624
ZACKENBERG,Sil3,2003,SILACA,FlowerEnd,189,2.208194444,7.653494624
ZACKENBERG,Sil4,2003,SILACA,FlowerEnd,203,2.208194444,7.653494624
ZACKENBERG,Sax1,1997,SAXOPP,FlowerEnd,161,2.236574746,3.725134409
ZACKENBERG,Sax2,1997,SAXOPP,FlowerEnd,161,2.236574746,3.725134409
ZACKENBERG,Sax3,1997,SAXOPP,FlowerEnd,161,2.236574746,3.725134409
ZACKENBERG,Cas1,1997,CASTET,FlowerEnd,196,2.236574746,3.725134409
ZACKENBERG,Cas2,1997,CASTET,FlowerEnd,203,2.236574746,3.725134409
ZACKENBERG,Cas4,1997,CASTET,FlowerEnd,203,2.236574746,3.725134409
ZACKENBERG,Cas3,1997,CASTET,FlowerEnd,210,2.236574746,3.725134409
ZACKENBERG,Cas6,1997,CASTET,FlowerEnd,219,2.236574746,3.725134409
ZACKENBERG,Dry1,1997,DRYOCT,FlowerEnd,175,2.236574746,3.725134409
ZACKENBERG,Dry3,1997,DRYOCT,FlowerEnd,182,2.236574746,3.725134409
ZACKENBERG,Dry5,1997,DRYOCT,FlowerEnd,189,2.236574746,3.725134409
ZACKENBERG,Dry4,1997,DRYOCT,FlowerEnd,196,2.236574746,3.725134409
ZACKENBERG,Dry2,1997,DRYOCT,FlowerEnd,217,2.236574746,3.725134409
ZACKENBERG,Dry6,1997,DRYOCT,FlowerEnd,224,2.236574746,3.725134409
ZACKENBERG,Pap3,1997,PAPRAD,FlowerEnd,203,2.236574746,3.725134409
ZACKENBERG,Pap1,1997,PAPRAD,FlowerEnd,210,2.236574746,3.725134409
ZACKENBERG,Pap2,1997,PAPRAD,FlowerEnd,210,2.236574746,3.725134409
ZACKENBERG,Pap4,1997,PAPRAD,FlowerEnd,224,2.236574746,3.725134409
ZACKENBERG,Sil1,1997,SILACA,FlowerEnd,182,2.236574746,3.725134409
ZACKENBERG,Sil2,1997,SILACA,FlowerEnd,182,2.236574746,3.725134409
ZACKENBERG,Sil3,1997,SILACA,FlowerEnd,182,2.236574746,3.725134409
ZACKENBERG,Sil4,1997,SILACA,FlowerEnd,224,2.236574746,3.725134409
ZACKENBERG,Sax1,2011,SAXOPP,FlowerEnd,161,2.341527778,5.811155914
ZACKENBERG,Sax2,2011,SAXOPP,FlowerEnd,161,2.341527778,5.811155914
ZACKENBERG,Sax3,2011,SAXOPP,FlowerEnd,161,2.341527778,5.811155914
ZACKENBERG,Cas1,2011,CASTET,FlowerEnd,182,2.341527778,5.811155914
ZACKENBERG,Cas2,2011,CASTET,FlowerEnd,189,2.341527778,5.811155914
ZACKENBERG,Cas3,2011,CASTET,FlowerEnd,189,2.341527778,5.811155914
ZACKENBERG,Cas4,2011,CASTET,FlowerEnd,196,2.341527778,5.811155914
ZACKENBERG,Dry1,2011,DRYOCT,FlowerEnd,175,2.341527778,5.811155914
ZACKENBERG,Dry3,2011,DRYOCT,FlowerEnd,175,2.341527778,5.811155914
ZACKENBERG,Dry5,2011,DRYOCT,FlowerEnd,175,2.341527778,5.811155914
ZACKENBERG,Dry4,2011,DRYOCT,FlowerEnd,182,2.341527778,5.811155914
ZACKENBERG,Dry2,2011,DRYOCT,FlowerEnd,196,2.341527778,5.811155914
ZACKENBERG,Dry6,2011,DRYOCT,FlowerEnd,196,2.341527778,5.811155914
ZACKENBERG,Pap1,2011,PAPRAD,FlowerEnd,189,2.341527778,5.811155914
ZACKENBERG,Pap2,2011,PAPRAD,FlowerEnd,189,2.341527778,5.811155914
ZACKENBERG,Pap3,2011,PAPRAD,FlowerEnd,189,2.341527778,5.811155914
ZACKENBERG,Pap4,2011,PAPRAD,FlowerEnd,196,2.341527778,5.811155914
ZACKENBERG,Sil1,2011,SILACA,FlowerEnd,175,2.341527778,5.811155914
ZACKENBERG,Sil3,2011,SILACA,FlowerEnd,175,2.341527778,5.811155914
ZACKENBERG,Sil2,2011,SILACA,FlowerEnd,182,2.341527778,5.811155914
ZACKENBERG,Sil4,2011,SILACA,FlowerEnd,196,2.341527778,5.811155914
ZACKENBERG,Sax1,2004,SAXOPP,FlowerEnd,161,2.466111111,7.168682796
ZACKENBERG,Sax2,2004,SAXOPP,FlowerEnd,161,2.466111111,7.168682796
ZACKENBERG,Sax3,2004,SAXOPP,FlowerEnd,161,2.466111111,7.168682796
ZACKENBERG,Cas1,2004,CASTET,FlowerEnd,175,2.466111111,7.168682796
ZACKENBERG,Cas2,2004,CASTET,FlowerEnd,189,2.466111111,7.168682796
ZACKENBERG,Cas3,2004,CASTET,FlowerEnd,189,2.466111111,7.168682796
ZACKENBERG,Cas4,2004,CASTET,FlowerEnd,189,2.466111111,7.168682796
ZACKENBERG,Dry5,2004,DRYOCT,FlowerEnd,168,2.466111111,7.168682796
ZACKENBERG,Dry1,2004,DRYOCT,FlowerEnd,175,2.466111111,7.168682796
ZACKENBERG,Dry3,2004,DRYOCT,FlowerEnd,175,2.466111111,7.168682796
ZACKENBERG,Dry4,2004,DRYOCT,FlowerEnd,175,2.466111111,7.168682796
ZACKENBERG,Dry2,2004,DRYOCT,FlowerEnd,203,2.466111111,7.168682796
ZACKENBERG,Dry6,2004,DRYOCT,FlowerEnd,203,2.466111111,7.168682796
ZACKENBERG,Pap1,2004,PAPRAD,FlowerEnd,196,2.466111111,7.168682796
ZACKENBERG,Pap2,2004,PAPRAD,FlowerEnd,196,2.466111111,7.168682796
ZACKENBERG,Pap3,2004,PAPRAD,FlowerEnd,197,2.466111111,7.168682796
ZACKENBERG,Pap4,2004,PAPRAD,FlowerEnd,203,2.466111111,7.168682796
ZACKENBERG,Sil1,2004,SILACA,FlowerEnd,168,2.466111111,7.168682796
ZACKENBERG,Sil2,2004,SILACA,FlowerEnd,168,2.466111111,7.168682796
ZACKENBERG,Sil3,2004,SILACA,FlowerEnd,168,2.466111111,7.168682796
ZACKENBERG,Sil4,2004,SILACA,FlowerEnd,196,2.466111111,7.168682796
ZACKENBERG,Sax1,2002,SAXOPP,FlowerEnd,161,2.633611111,5.669758065
ZACKENBERG,Sax2,2002,SAXOPP,FlowerEnd,161,2.633611111,5.669758065
ZACKENBERG,Sax3,2002,SAXOPP,FlowerEnd,161,2.633611111,5.669758065
ZACKENBERG,Cas1,2002,CASTET,FlowerEnd,196,2.633611111,5.669758065
ZACKENBERG,Cas2,2002,CASTET,FlowerEnd,196,2.633611111,5.669758065
ZACKENBERG,Cas4,2002,CASTET,FlowerEnd,196,2.633611111,5.669758065
ZACKENBERG,Cas3,2002,CASTET,FlowerEnd,203,2.633611111,5.669758065
ZACKENBERG,Dry1,2002,DRYOCT,FlowerEnd,182,2.633611111,5.669758065
ZACKENBERG,Dry4,2002,DRYOCT,FlowerEnd,182,2.633611111,5.669758065
ZACKENBERG,Dry5,2002,DRYOCT,FlowerEnd,182,2.633611111,5.669758065
ZACKENBERG,Dry3,2002,DRYOCT,FlowerEnd,189,2.633611111,5.669758065
ZACKENBERG,Dry2,2002,DRYOCT,FlowerEnd,210,2.633611111,5.669758065
ZACKENBERG,Dry6,2002,DRYOCT,FlowerEnd,217,2.633611111,5.669758065
ZACKENBERG,Pap1,2002,PAPRAD,FlowerEnd,196,2.633611111,5.669758065
ZACKENBERG,Pap2,2002,PAPRAD,FlowerEnd,196,2.633611111,5.669758065
ZACKENBERG,Pap3,2002,PAPRAD,FlowerEnd,203,2.633611111,5.669758065
ZACKENBERG,Pap4,2002,PAPRAD,FlowerEnd,217,2.633611111,5.669758065
ZACKENBERG,Sil1,2002,SILACA,FlowerEnd,175,2.633611111,5.669758065
ZACKENBERG,Sil2,2002,SILACA,FlowerEnd,182,2.633611111,5.669758065
ZACKENBERG,Sil3,2002,SILACA,FlowerEnd,182,2.633611111,5.669758065
ZACKENBERG,Sil4,2002,SILACA,FlowerEnd,210,2.633611111,5.669758065
ZACKENBERG,Sax1,2005,SAXOPP,FlowerEnd,155,2.711527778,6.928225806
ZACKENBERG,Sax2,2005,SAXOPP,FlowerEnd,155,2.711527778,6.928225806
ZACKENBERG,Sax3,2005,SAXOPP,FlowerEnd,155,2.711527778,6.928225806
ZACKENBERG,Pap1,2005,PAPRAD,FlowerEnd,189,2.711527778,6.928225806
ZACKENBERG,Pap2,2005,PAPRAD,FlowerEnd,189,2.711527778,6.928225806
ZACKENBERG,Pap3,2005,PAPRAD,FlowerEnd,189,2.711527778,6.928225806
ZACKENBERG,Pap4,2005,PAPRAD,FlowerEnd,203,2.711527778,6.928225806
ZACKENBERG,Sil3,2005,SILACA,FlowerEnd,168,2.711527778,6.928225806
ZACKENBERG,Sil1,2005,SILACA,FlowerEnd,175,2.711527778,6.928225806
ZACKENBERG,Sil2,2005,SILACA,FlowerEnd,182,2.711527778,6.928225806
ZACKENBERG,Sil4,2005,SILACA,FlowerEnd,196,2.711527778,6.928225806
ZACKENBERG,Sax1,2013,SAXOPP,FlowerEnd,168,2.952045134,7.167473118
ZACKENBERG,Sax2,2013,SAXOPP,FlowerEnd,168,2.952045134,7.167473118
ZACKENBERG,Sax3,2013,SAXOPP,FlowerEnd,168,2.952045134,7.167473118
ZACKENBERG,Cas2,2013,CASTET,FlowerEnd,175,2.952045134,7.167473118
ZACKENBERG,Cas1,2013,CASTET,FlowerEnd,182,2.952045134,7.167473118
ZACKENBERG,Cas3,2013,CASTET,FlowerEnd,182,2.952045134,7.167473118
ZACKENBERG,K1C,2013,CASTET,FlowerEnd,182,2.952045134,7.167473118
ZACKENBERG,K4C,2013,CASTET,FlowerEnd,182,2.952045134,7.167473118
ZACKENBERG,W4C,2013,CASTET,FlowerEnd,182,2.952045134,7.167473118
ZACKENBERG,Cas4,2013,CASTET,FlowerEnd,189,2.952045134,7.167473118
ZACKENBERG,K2C,2013,CASTET,FlowerEnd,189,2.952045134,7.167473118
ZACKENBERG,K3C,2013,CASTET,FlowerEnd,189,2.952045134,7.167473118
ZACKENBERG,W1C,2013,CASTET,FlowerEnd,189,2.952045134,7.167473118
ZACKENBERG,W2C,2013,CASTET,FlowerEnd,189,2.952045134,7.167473118
ZACKENBERG,W3C,2013,CASTET,FlowerEnd,189,2.952045134,7.167473118
ZACKENBERG,W5C,2013,CASTET,FlowerEnd,189,2.952045134,7.167473118
ZACKENBERG,K5C,2013,CASTET,FlowerEnd,196,2.952045134,7.167473118
ZACKENBERG,Dry1,2013,DRYOCT,FlowerEnd,175,2.952045134,7.167473118
ZACKENBERG,Dry3,2013,DRYOCT,FlowerEnd,175,2.952045134,7.167473118
ZACKENBERG,Dry4,2013,DRYOCT,FlowerEnd,175,2.952045134,7.167473118
ZACKENBERG,Dry5,2013,DRYOCT,FlowerEnd,175,2.952045134,7.167473118
ZACKENBERG,Dry2,2013,DRYOCT,FlowerEnd,189,2.952045134,7.167473118
ZACKENBERG,Dry6,2013,DRYOCT,FlowerEnd,189,2.952045134,7.167473118
ZACKENBERG,Pap2,2013,PAPRAD,FlowerEnd,189,2.952045134,7.167473118
ZACKENBERG,Pap3,2013,PAPRAD,FlowerEnd,189,2.952045134,7.167473118
ZACKENBERG,Pap4,2013,PAPRAD,FlowerEnd,189,2.952045134,7.167473118
ZACKENBERG,Pap1,2013,PAPRAD,FlowerEnd,196,2.952045134,7.167473118
ZACKENBERG,Sil2,2013,SILACA,FlowerEnd,175,2.952045134,7.167473118
ZACKENBERG,Sil3,2013,SILACA,FlowerEnd,175,2.952045134,7.167473118
ZACKENBERG,Sil1,2013,SILACA,FlowerEnd,182,2.952045134,7.167473118
ZACKENBERG,Sil4,2013,SILACA,FlowerEnd,182,2.952045134,7.167473118
ZACKENBERG,Sax1,2012,SAXOPP,FlowerEnd,168,3.091666667,7.402956989
ZACKENBERG,Sax2,2012,SAXOPP,FlowerEnd,168,3.091666667,7.402956989
ZACKENBERG,Sax3,2012,SAXOPP,FlowerEnd,176,3.091666667,7.402956989
ZACKENBERG,Cas1,2012,CASTET,FlowerEnd,196,3.091666667,7.402956989
ZACKENBERG,W4C,2012,CASTET,FlowerEnd,196,3.091666667,7.402956989
ZACKENBERG,Cas3,2012,CASTET,FlowerEnd,197,3.091666667,7.402956989
ZACKENBERG,Cas2,2012,CASTET,FlowerEnd,203,3.091666667,7.402956989
ZACKENBERG,Cas4,2012,CASTET,FlowerEnd,203,3.091666667,7.402956989
ZACKENBERG,K1C,2012,CASTET,FlowerEnd,203,3.091666667,7.402956989
ZACKENBERG,K2C,2012,CASTET,FlowerEnd,203,3.091666667,7.402956989
ZACKENBERG,K3C,2012,CASTET,FlowerEnd,203,3.091666667,7.402956989
ZACKENBERG,K4C,2012,CASTET,FlowerEnd,203,3.091666667,7.402956989
ZACKENBERG,K5C,2012,CASTET,FlowerEnd,203,3.091666667,7.402956989
ZACKENBERG,W1C,2012,CASTET,FlowerEnd,203,3.091666667,7.402956989
ZACKENBERG,W2C,2012,CASTET,FlowerEnd,203,3.091666667,7.402956989
ZACKENBERG,W3C,2012,CASTET,FlowerEnd,203,3.091666667,7.402956989
ZACKENBERG,W5C,2012,CASTET,FlowerEnd,203,3.091666667,7.402956989
ZACKENBERG,Dry1,2012,DRYOCT,FlowerEnd,183,3.091666667,7.402956989
ZACKENBERG,Dry3,2012,DRYOCT,FlowerEnd,183,3.091666667,7.402956989
ZACKENBERG,Dry5,2012,DRYOCT,FlowerEnd,190,3.091666667,7.402956989
ZACKENBERG,Dry4,2012,DRYOCT,FlowerEnd,197,3.091666667,7.402956989
ZACKENBERG,Dry2,2012,DRYOCT,FlowerEnd,210,3.091666667,7.402956989
ZACKENBERG,Dry6,2012,DRYOCT,FlowerEnd,210,3.091666667,7.402956989
ZACKENBERG,Pap1,2012,PAPRAD,FlowerEnd,210,3.091666667,7.402956989
ZACKENBERG,Pap2,2012,PAPRAD,FlowerEnd,210,3.091666667,7.402956989
ZACKENBERG,Pap3,2012,PAPRAD,FlowerEnd,210,3.091666667,7.402956989
ZACKENBERG,Pap4,2012,PAPRAD,FlowerEnd,210,3.091666667,7.402956989
ZACKENBERG,Sil1,2012,SILACA,FlowerEnd,183,3.091666667,7.402956989
ZACKENBERG,Sil2,2012,SILACA,FlowerEnd,183,3.091666667,7.402956989
ZACKENBERG,Sil3,2012,SILACA,FlowerEnd,190,3.091666667,7.402956989
ZACKENBERG,Sil4,2012,SILACA,FlowerEnd,210,3.091666667,7.402956989
ZACKENBERG,Sax2,2007,SAXOPP,FlowerEnd,165,3.3125,5.878763441
ZACKENBERG,Sax1,2007,SAXOPP,FlowerEnd,168,3.3125,5.878763441
ZACKENBERG,Sax3,2007,SAXOPP,FlowerEnd,168,3.3125,5.878763441
ZACKENBERG,Cas1,2007,CASTET,FlowerEnd,186,3.3125,5.878763441
ZACKENBERG,Cas3,2007,CASTET,FlowerEnd,189,3.3125,5.878763441
ZACKENBERG,Cas2,2007,CASTET,FlowerEnd,194,3.3125,5.878763441
ZACKENBERG,Cas4,2007,CASTET,FlowerEnd,194,3.3125,5.878763441
ZACKENBERG,Dry5,2007,DRYOCT,FlowerEnd,175,3.3125,5.878763441
ZACKENBERG,Dry1,2007,DRYOCT,FlowerEnd,182,3.3125,5.878763441
ZACKENBERG,Dry3,2007,DRYOCT,FlowerEnd,182,3.3125,5.878763441
ZACKENBERG,Dry4,2007,DRYOCT,FlowerEnd,182,3.3125,5.878763441
ZACKENBERG,Dry2,2007,DRYOCT,FlowerEnd,196,3.3125,5.878763441
ZACKENBERG,Dry6,2007,DRYOCT,FlowerEnd,196,3.3125,5.878763441
ZACKENBERG,Pap1,2007,PAPRAD,FlowerEnd,196,3.3125,5.878763441
ZACKENBERG,Pap2,2007,PAPRAD,FlowerEnd,196,3.3125,5.878763441
ZACKENBERG,Pap3 ,2007,PAPRAD,FlowerEnd,196,3.3125,5.878763441
ZACKENBERG,Pap4,2007,PAPRAD,FlowerEnd,196,3.3125,5.878763441
ZACKENBERG,Sil1,2007,SILACA,FlowerEnd,175,3.3125,5.878763441
ZACKENBERG,Sil2,2007,SILACA,FlowerEnd,182,3.3125,5.878763441
ZACKENBERG,Sil3,2007,SILACA,FlowerEnd,182,3.3125,5.878763441
ZACKENBERG,Sil4,2007,SILACA,FlowerEnd,196,3.3125,5.878763441
ZACKENBERG,Sax1,2008,SAXOPP,FlowerEnd,168,5.165138889,8.733870968
ZACKENBERG,Sax2,2008,SAXOPP,FlowerEnd,168,5.165138889,8.733870968
ZACKENBERG,Sax3,2008,SAXOPP,FlowerEnd,168,5.165138889,8.733870968
ZACKENBERG,W2C,2008,CASTET,FlowerEnd,191,5.165138889,8.733870968
ZACKENBERG,Cas1,2008,CASTET,FlowerEnd,193,5.165138889,8.733870968
ZACKENBERG,Cas2,2008,CASTET,FlowerEnd,202,5.165138889,8.733870968
ZACKENBERG,K1C,2008,CASTET,FlowerEnd,204,5.165138889,8.733870968
ZACKENBERG,K2C,2008,CASTET,FlowerEnd,204,5.165138889,8.733870968
ZACKENBERG,K3C,2008,CASTET,FlowerEnd,204,5.165138889,8.733870968
ZACKENBERG,K4C,2008,CASTET,FlowerEnd,204,5.165138889,8.733870968
ZACKENBERG,K5C,2008,CASTET,FlowerEnd,204,5.165138889,8.733870968
ZACKENBERG,W1C,2008,CASTET,FlowerEnd,204,5.165138889,8.733870968
ZACKENBERG,W3C,2008,CASTET,FlowerEnd,204,5.165138889,8.733870968
ZACKENBERG,W4C,2008,CASTET,FlowerEnd,204,5.165138889,8.733870968
ZACKENBERG,W5C,2008,CASTET,FlowerEnd,204,5.165138889,8.733870968
ZACKENBERG,Cas3,2008,CASTET,FlowerEnd,206,5.165138889,8.733870968
ZACKENBERG,Cas4,2008,CASTET,FlowerEnd,206,5.165138889,8.733870968
ZACKENBERG,Dry1,2008,DRYOCT,FlowerEnd,175,5.165138889,8.733870968
ZACKENBERG,Dry3,2008,DRYOCT,FlowerEnd,176,5.165138889,8.733870968
ZACKENBERG,Dry5,2008,DRYOCT,FlowerEnd,176,5.165138889,8.733870968
ZACKENBERG,Dry4,2008,DRYOCT,FlowerEnd,189,5.165138889,8.733870968
ZACKENBERG,Dry2,2008,DRYOCT,FlowerEnd,210,5.165138889,8.733870968
ZACKENBERG,Dry6,2008,DRYOCT,FlowerEnd,210,5.165138889,8.733870968
ZACKENBERG,Pap1,2008,PAPRAD,FlowerEnd,204,5.165138889,8.733870968
ZACKENBERG,Pap2,2008,PAPRAD,FlowerEnd,204,5.165138889,8.733870968
ZACKENBERG,Pap3,2008,PAPRAD,FlowerEnd,206,5.165138889,8.733870968
ZACKENBERG,Pap4,2008,PAPRAD,FlowerEnd,210,5.165138889,8.733870968
ZACKENBERG,Sil1,2008,SILACA,FlowerEnd,175,5.165138889,8.733870968
ZACKENBERG,Sil2,2008,SILACA,FlowerEnd,175,5.165138889,8.733870968
ZACKENBERG,Sil3,2008,SILACA,FlowerEnd,176,5.165138889,8.733870968
ZACKENBERG,Sil4,2008,SILACA,FlowerEnd,206,5.165138889,8.733870968
