"site_name","spp","phen_stage","site_spp_phen","spp_phen","plot_id","year","doy","prior_visit","snowmelt"
"QHI","ERIVAG","flowering","QHI_ERIVAG_flowering","ERIVAG_flowering","ERIVAG_1",2017,NA,NA,141
"QHI","ERIVAG","flowering","QHI_ERIVAG_flowering","ERIVAG_flowering","ERIVAG_2",2017,141,139,141
"QHI","ERIVAG","flowering","QHI_ERIVAG_flowering","ERIVAG_flowering","ERIVAG_3",2017,138,137,138
"QHI","ERIVAG","flowering","QHI_ERIVAG_flowering","ERIVAG_flowering","ERIVAG_4",2017,NA,NA,138
"QHI","ERIVAG","flowering","QHI_ERIVAG_flowering","ERIVAG_flowering","ERIVAG_5",2017,NA,NA,138
"QHI","ERIVAG","flowering","QHI_ERIVAG_flowering","ERIVAG_flowering","ERIVAG_6",2017,138,137,138
"QHI","ERIVAG","flowering","QHI_ERIVAG_flowering","ERIVAG_flowering","ERIVAG_7",2017,138,137,135
"QHI","ERIVAG","flowering","QHI_ERIVAG_flowering","ERIVAG_flowering","ERIVAG_8",2017,138,137,138
"QHI","ERIVAG","flowering","QHI_ERIVAG_flowering","ERIVAG_flowering","ERIVAG_9",2017,NA,NA,138
"QHI","ERIVAG","flowering","QHI_ERIVAG_flowering","ERIVAG_flowering","ERIVAG_10",2017,141,139,138
"QHI","ERIVAG","flowering","QHI_ERIVAG_flowering","ERIVAG_flowering","ERIVAG_11",2017,138,137,138
"QHI","ERIVAG","flowering","QHI_ERIVAG_flowering","ERIVAG_flowering","ERIVAG_12",2017,NA,NA,141
"QHI","ERIVAG","flowering","QHI_ERIVAG_flowering","ERIVAG_flowering","ERIVAG_13",2017,138,137,138
"QHI","ERIVAG","flowering","QHI_ERIVAG_flowering","ERIVAG_flowering","ERIVAG_14",2017,141,139,138
"QHI","ERIVAG","flowering","QHI_ERIVAG_flowering","ERIVAG_flowering","ERIVAG_15",2017,138,137,138
"QHI","ERIVAG","flowering","QHI_ERIVAG_flowering","ERIVAG_flowering","ERIVAG_16",2017,138,137,138
"QHI","ERIVAG","flowering","QHI_ERIVAG_flowering","ERIVAG_flowering","ERIVAG_17",2017,141,139,141
"QHI","ERIVAG","flowering","QHI_ERIVAG_flowering","ERIVAG_flowering","ERIVAG_18",2017,138,137,138
"QHI","ERIVAG","flowering","QHI_ERIVAG_flowering","ERIVAG_flowering","ERIVAG_19",2017,138,137,138
"QHI","ERIVAG","flowering","QHI_ERIVAG_flowering","ERIVAG_flowering","ERIVAG_20",2017,138,137,138
"QHI","ERIVAG","flowering","QHI_ERIVAG_flowering","ERIVAG_flowering","ERIVAG_1",2016,142,138,142
"QHI","ERIVAG","flowering","QHI_ERIVAG_flowering","ERIVAG_flowering","ERIVAG_2",2016,138,135,135
"QHI","ERIVAG","flowering","QHI_ERIVAG_flowering","ERIVAG_flowering","ERIVAG_3",2016,135,125,135
"QHI","ERIVAG","flowering","QHI_ERIVAG_flowering","ERIVAG_flowering","ERIVAG_4",2016,135,125,135
"QHI","ERIVAG","flowering","QHI_ERIVAG_flowering","ERIVAG_flowering","ERIVAG_5",2016,135,125,135
"QHI","ERIVAG","flowering","QHI_ERIVAG_flowering","ERIVAG_flowering","ERIVAG_6",2016,135,125,135
"QHI","ERIVAG","flowering","QHI_ERIVAG_flowering","ERIVAG_flowering","ERIVAG_7",2016,135,125,135
"QHI","ERIVAG","flowering","QHI_ERIVAG_flowering","ERIVAG_flowering","ERIVAG_8",2016,135,125,135
"QHI","ERIVAG","flowering","QHI_ERIVAG_flowering","ERIVAG_flowering","ERIVAG_9",2016,186,156,135
"QHI","ERIVAG","flowering","QHI_ERIVAG_flowering","ERIVAG_flowering","ERIVAG_10",2016,138,135,135
"QHI","ERIVAG","flowering","QHI_ERIVAG_flowering","ERIVAG_flowering","ERIVAG_11",2016,135,125,135
"QHI","ERIVAG","flowering","QHI_ERIVAG_flowering","ERIVAG_flowering","ERIVAG_12",2016,186,156,142
"QHI","ERIVAG","flowering","QHI_ERIVAG_flowering","ERIVAG_flowering","ERIVAG_13",2016,138,135,138
"QHI","ERIVAG","flowering","QHI_ERIVAG_flowering","ERIVAG_flowering","ERIVAG_14",2016,138,135,135
"QHI","ERIVAG","flowering","QHI_ERIVAG_flowering","ERIVAG_flowering","ERIVAG_15",2016,144,142,135
"QHI","ERIVAG","flowering","QHI_ERIVAG_flowering","ERIVAG_flowering","ERIVAG_16",2016,138,135,135
"QHI","ERIVAG","flowering","QHI_ERIVAG_flowering","ERIVAG_flowering","ERIVAG_17",2016,135,125,135
"QHI","ERIVAG","flowering","QHI_ERIVAG_flowering","ERIVAG_flowering","ERIVAG_18",2016,142,138,135
"QHI","ERIVAG","flowering","QHI_ERIVAG_flowering","ERIVAG_flowering","ERIVAG_19",2016,135,125,135
"QHI","ERIVAG","flowering","QHI_ERIVAG_flowering","ERIVAG_flowering","ERIVAG_20",2016,135,125,135
"QHI","ERIVAG","flowering","QHI_ERIVAG_flowering","ERIVAG_flowering","ERIVAG_1",2015,NA,NA,137
"QHI","ERIVAG","flowering","QHI_ERIVAG_flowering","ERIVAG_flowering","ERIVAG_2",2015,NA,NA,137
"QHI","ERIVAG","flowering","QHI_ERIVAG_flowering","ERIVAG_flowering","ERIVAG_3",2015,137,127,137
"QHI","ERIVAG","flowering","QHI_ERIVAG_flowering","ERIVAG_flowering","ERIVAG_4",2015,NA,NA,137
"QHI","ERIVAG","flowering","QHI_ERIVAG_flowering","ERIVAG_flowering","ERIVAG_5",2015,137,127,137
"QHI","ERIVAG","flowering","QHI_ERIVAG_flowering","ERIVAG_flowering","ERIVAG_6",2015,137,127,137
"QHI","ERIVAG","flowering","QHI_ERIVAG_flowering","ERIVAG_flowering","ERIVAG_7",2015,137,127,137
"QHI","ERIVAG","flowering","QHI_ERIVAG_flowering","ERIVAG_flowering","ERIVAG_8",2015,137,127,137
"QHI","ERIVAG","flowering","QHI_ERIVAG_flowering","ERIVAG_flowering","ERIVAG_9",2015,137,127,137
"QHI","ERIVAG","flowering","QHI_ERIVAG_flowering","ERIVAG_flowering","ERIVAG_10",2015,137,127,137
"QHI","ERIVAG","flowering","QHI_ERIVAG_flowering","ERIVAG_flowering","ERIVAG_11",2015,137,127,137
"QHI","ERIVAG","flowering","QHI_ERIVAG_flowering","ERIVAG_flowering","ERIVAG_12",2015,137,127,137
"QHI","ERIVAG","flowering","QHI_ERIVAG_flowering","ERIVAG_flowering","ERIVAG_13",2015,137,127,137
"QHI","ERIVAG","flowering","QHI_ERIVAG_flowering","ERIVAG_flowering","ERIVAG_14",2015,137,127,137
"QHI","ERIVAG","flowering","QHI_ERIVAG_flowering","ERIVAG_flowering","ERIVAG_15",2015,137,127,137
"QHI","ERIVAG","flowering","QHI_ERIVAG_flowering","ERIVAG_flowering","ERIVAG_16",2015,137,127,137
"QHI","ERIVAG","flowering","QHI_ERIVAG_flowering","ERIVAG_flowering","ERIVAG_17",2015,137,127,137
"QHI","ERIVAG","flowering","QHI_ERIVAG_flowering","ERIVAG_flowering","ERIVAG_18",2015,137,127,137
"QHI","ERIVAG","flowering","QHI_ERIVAG_flowering","ERIVAG_flowering","ERIVAG_19",2015,137,127,137
"QHI","ERIVAG","flowering","QHI_ERIVAG_flowering","ERIVAG_flowering","ERIVAG_20",2015,NA,NA,137
"QHI","ERIVAG","flowering","QHI_ERIVAG_flowering","ERIVAG_flowering","ERIVAG_1",2014,156,153,147
"QHI","ERIVAG","flowering","QHI_ERIVAG_flowering","ERIVAG_flowering","ERIVAG_2",2014,125,123,135
"QHI","ERIVAG","flowering","QHI_ERIVAG_flowering","ERIVAG_flowering","ERIVAG_3",2014,135,132,132
"QHI","ERIVAG","flowering","QHI_ERIVAG_flowering","ERIVAG_flowering","ERIVAG_4",2014,135,132,132
"QHI","ERIVAG","flowering","QHI_ERIVAG_flowering","ERIVAG_flowering","ERIVAG_5",2014,135,132,126
"QHI","ERIVAG","flowering","QHI_ERIVAG_flowering","ERIVAG_flowering","ERIVAG_6",2014,135,132,126
"QHI","ERIVAG","flowering","QHI_ERIVAG_flowering","ERIVAG_flowering","ERIVAG_7",2014,135,132,126
"QHI","ERIVAG","flowering","QHI_ERIVAG_flowering","ERIVAG_flowering","ERIVAG_8",2014,135,132,126
"QHI","ERIVAG","flowering","QHI_ERIVAG_flowering","ERIVAG_flowering","ERIVAG_9",2014,135,132,126
"QHI","ERIVAG","flowering","QHI_ERIVAG_flowering","ERIVAG_flowering","ERIVAG_10",2014,135,132,126
"QHI","ERIVAG","flowering","QHI_ERIVAG_flowering","ERIVAG_flowering","ERIVAG_11",2014,135,132,126
"QHI","ERIVAG","flowering","QHI_ERIVAG_flowering","ERIVAG_flowering","ERIVAG_12",2014,135,132,132
"QHI","ERIVAG","flowering","QHI_ERIVAG_flowering","ERIVAG_flowering","ERIVAG_13",2014,135,132,132
"QHI","ERIVAG","flowering","QHI_ERIVAG_flowering","ERIVAG_flowering","ERIVAG_14",2014,135,132,126
"QHI","ERIVAG","flowering","QHI_ERIVAG_flowering","ERIVAG_flowering","ERIVAG_15",2014,135,132,126
"QHI","ERIVAG","flowering","QHI_ERIVAG_flowering","ERIVAG_flowering","ERIVAG_16",2014,135,132,126
"QHI","ERIVAG","flowering","QHI_ERIVAG_flowering","ERIVAG_flowering","ERIVAG_17",2014,135,132,132
"QHI","ERIVAG","flowering","QHI_ERIVAG_flowering","ERIVAG_flowering","ERIVAG_18",2014,135,132,126
"QHI","ERIVAG","flowering","QHI_ERIVAG_flowering","ERIVAG_flowering","ERIVAG_19",2014,135,132,126
"QHI","ERIVAG","flowering","QHI_ERIVAG_flowering","ERIVAG_flowering","ERIVAG_20",2014,135,132,126
"QHI","ERIVAG","flowering","QHI_ERIVAG_flowering","ERIVAG_flowering","ERIVAG_1",2013,148,147,148
"QHI","ERIVAG","flowering","QHI_ERIVAG_flowering","ERIVAG_flowering","ERIVAG_2",2013,148,147,148
"QHI","ERIVAG","flowering","QHI_ERIVAG_flowering","ERIVAG_flowering","ERIVAG_3",2013,148,147,148
"QHI","ERIVAG","flowering","QHI_ERIVAG_flowering","ERIVAG_flowering","ERIVAG_4",2013,148,147,145
"QHI","ERIVAG","flowering","QHI_ERIVAG_flowering","ERIVAG_flowering","ERIVAG_5",2013,148,147,145
"QHI","ERIVAG","flowering","QHI_ERIVAG_flowering","ERIVAG_flowering","ERIVAG_6",2013,148,147,142
"QHI","ERIVAG","flowering","QHI_ERIVAG_flowering","ERIVAG_flowering","ERIVAG_7",2013,148,147,145
"QHI","ERIVAG","flowering","QHI_ERIVAG_flowering","ERIVAG_flowering","ERIVAG_8",2013,148,147,148
"QHI","ERIVAG","flowering","QHI_ERIVAG_flowering","ERIVAG_flowering","ERIVAG_9",2013,NA,NA,148
"QHI","ERIVAG","flowering","QHI_ERIVAG_flowering","ERIVAG_flowering","ERIVAG_10",2013,148,147,145
"QHI","ERIVAG","flowering","QHI_ERIVAG_flowering","ERIVAG_flowering","ERIVAG_11",2013,148,147,142
"QHI","ERIVAG","flowering","QHI_ERIVAG_flowering","ERIVAG_flowering","ERIVAG_12",2013,148,147,145
"QHI","ERIVAG","flowering","QHI_ERIVAG_flowering","ERIVAG_flowering","ERIVAG_13",2013,148,147,148
"QHI","ERIVAG","flowering","QHI_ERIVAG_flowering","ERIVAG_flowering","ERIVAG_14",2013,148,147,145
"QHI","ERIVAG","flowering","QHI_ERIVAG_flowering","ERIVAG_flowering","ERIVAG_15",2013,148,147,145
"QHI","ERIVAG","flowering","QHI_ERIVAG_flowering","ERIVAG_flowering","ERIVAG_16",2013,148,147,145
"QHI","ERIVAG","flowering","QHI_ERIVAG_flowering","ERIVAG_flowering","ERIVAG_17",2013,NA,NA,142
"QHI","ERIVAG","flowering","QHI_ERIVAG_flowering","ERIVAG_flowering","ERIVAG_18",2013,148,147,145
"QHI","ERIVAG","flowering","QHI_ERIVAG_flowering","ERIVAG_flowering","ERIVAG_19",2013,148,147,142
"QHI","ERIVAG","flowering","QHI_ERIVAG_flowering","ERIVAG_flowering","ERIVAG_20",2013,148,147,142
"QHI","ERIVAG","flowering","QHI_ERIVAG_flowering","ERIVAG_flowering","ERIVAG_1",2012,NA,NA,NA
"QHI","ERIVAG","flowering","QHI_ERIVAG_flowering","ERIVAG_flowering","ERIVAG_2",2012,144,141,144
"QHI","ERIVAG","flowering","QHI_ERIVAG_flowering","ERIVAG_flowering","ERIVAG_3",2012,141,138,141
"QHI","ERIVAG","flowering","QHI_ERIVAG_flowering","ERIVAG_flowering","ERIVAG_4",2012,144,141,144
"QHI","ERIVAG","flowering","QHI_ERIVAG_flowering","ERIVAG_flowering","ERIVAG_5",2012,141,138,141
"QHI","ERIVAG","flowering","QHI_ERIVAG_flowering","ERIVAG_flowering","ERIVAG_6",2012,141,138,141
"QHI","ERIVAG","flowering","QHI_ERIVAG_flowering","ERIVAG_flowering","ERIVAG_7",2012,141,138,141
"QHI","ERIVAG","flowering","QHI_ERIVAG_flowering","ERIVAG_flowering","ERIVAG_8",2012,141,138,141
"QHI","ERIVAG","flowering","QHI_ERIVAG_flowering","ERIVAG_flowering","ERIVAG_9",2012,141,138,141
"QHI","ERIVAG","flowering","QHI_ERIVAG_flowering","ERIVAG_flowering","ERIVAG_10",2012,141,138,141
"QHI","ERIVAG","flowering","QHI_ERIVAG_flowering","ERIVAG_flowering","ERIVAG_11",2012,141,138,141
"QHI","ERIVAG","flowering","QHI_ERIVAG_flowering","ERIVAG_flowering","ERIVAG_12",2012,141,138,141
"QHI","ERIVAG","flowering","QHI_ERIVAG_flowering","ERIVAG_flowering","ERIVAG_13",2012,141,138,141
"QHI","ERIVAG","flowering","QHI_ERIVAG_flowering","ERIVAG_flowering","ERIVAG_14",2012,141,138,141
"QHI","ERIVAG","flowering","QHI_ERIVAG_flowering","ERIVAG_flowering","ERIVAG_15",2012,141,138,141
"QHI","ERIVAG","flowering","QHI_ERIVAG_flowering","ERIVAG_flowering","ERIVAG_16",2012,141,138,141
"QHI","ERIVAG","flowering","QHI_ERIVAG_flowering","ERIVAG_flowering","ERIVAG_17",2012,141,138,141
"QHI","ERIVAG","flowering","QHI_ERIVAG_flowering","ERIVAG_flowering","ERIVAG_18",2012,141,138,141
"QHI","ERIVAG","flowering","QHI_ERIVAG_flowering","ERIVAG_flowering","ERIVAG_19",2012,141,138,141
"QHI","ERIVAG","flowering","QHI_ERIVAG_flowering","ERIVAG_flowering","ERIVAG_20",2012,141,138,141
"QHI","ERIVAG","flowering","QHI_ERIVAG_flowering","ERIVAG_flowering","ERIVAG_1",2011,150,147,144
"QHI","ERIVAG","flowering","QHI_ERIVAG_flowering","ERIVAG_flowering","ERIVAG_2",2011,144,141,141
"QHI","ERIVAG","flowering","QHI_ERIVAG_flowering","ERIVAG_flowering","ERIVAG_3",2011,144,141,141
"QHI","ERIVAG","flowering","QHI_ERIVAG_flowering","ERIVAG_flowering","ERIVAG_4",2011,144,141,141
"QHI","ERIVAG","flowering","QHI_ERIVAG_flowering","ERIVAG_flowering","ERIVAG_5",2011,144,141,141
"QHI","ERIVAG","flowering","QHI_ERIVAG_flowering","ERIVAG_flowering","ERIVAG_6",2011,144,141,141
"QHI","ERIVAG","flowering","QHI_ERIVAG_flowering","ERIVAG_flowering","ERIVAG_7",2011,144,141,141
"QHI","ERIVAG","flowering","QHI_ERIVAG_flowering","ERIVAG_flowering","ERIVAG_8",2011,144,141,141
"QHI","ERIVAG","flowering","QHI_ERIVAG_flowering","ERIVAG_flowering","ERIVAG_9",2011,144,141,141
"QHI","ERIVAG","flowering","QHI_ERIVAG_flowering","ERIVAG_flowering","ERIVAG_10",2011,144,141,141
"QHI","ERIVAG","flowering","QHI_ERIVAG_flowering","ERIVAG_flowering","ERIVAG_11",2011,144,141,141
"QHI","ERIVAG","flowering","QHI_ERIVAG_flowering","ERIVAG_flowering","ERIVAG_12",2011,144,141,141
"QHI","ERIVAG","flowering","QHI_ERIVAG_flowering","ERIVAG_flowering","ERIVAG_13",2011,144,141,141
"QHI","ERIVAG","flowering","QHI_ERIVAG_flowering","ERIVAG_flowering","ERIVAG_14",2011,144,141,141
"QHI","ERIVAG","flowering","QHI_ERIVAG_flowering","ERIVAG_flowering","ERIVAG_15",2011,144,141,141
"QHI","ERIVAG","flowering","QHI_ERIVAG_flowering","ERIVAG_flowering","ERIVAG_16",2011,144,141,141
"QHI","ERIVAG","flowering","QHI_ERIVAG_flowering","ERIVAG_flowering","ERIVAG_17",2011,144,141,141
"QHI","ERIVAG","flowering","QHI_ERIVAG_flowering","ERIVAG_flowering","ERIVAG_18",2011,144,141,141
"QHI","ERIVAG","flowering","QHI_ERIVAG_flowering","ERIVAG_flowering","ERIVAG_19",2011,144,141,141
"QHI","ERIVAG","flowering","QHI_ERIVAG_flowering","ERIVAG_flowering","ERIVAG_20",2011,144,141,141
"QHI","ERIVAG","flowering","QHI_ERIVAG_flowering","ERIVAG_flowering","ERIVAG_1",2010,155,152,149
"QHI","ERIVAG","flowering","QHI_ERIVAG_flowering","ERIVAG_flowering","ERIVAG_2",2010,155,152,149
"QHI","ERIVAG","flowering","QHI_ERIVAG_flowering","ERIVAG_flowering","ERIVAG_3",2010,155,152,149
"QHI","ERIVAG","flowering","QHI_ERIVAG_flowering","ERIVAG_flowering","ERIVAG_4",2010,155,152,149
"QHI","ERIVAG","flowering","QHI_ERIVAG_flowering","ERIVAG_flowering","ERIVAG_5",2010,155,152,149
"QHI","ERIVAG","flowering","QHI_ERIVAG_flowering","ERIVAG_flowering","ERIVAG_6",2010,155,152,149
"QHI","ERIVAG","flowering","QHI_ERIVAG_flowering","ERIVAG_flowering","ERIVAG_7",2010,155,152,149
"QHI","ERIVAG","flowering","QHI_ERIVAG_flowering","ERIVAG_flowering","ERIVAG_8",2010,176,173,149
"QHI","ERIVAG","flowering","QHI_ERIVAG_flowering","ERIVAG_flowering","ERIVAG_9",2010,171,170,149
"QHI","ERIVAG","flowering","QHI_ERIVAG_flowering","ERIVAG_flowering","ERIVAG_10",2010,158,157,149
"QHI","ERIVAG","flowering","QHI_ERIVAG_flowering","ERIVAG_flowering","ERIVAG_11",2010,155,152,149
"QHI","ERIVAG","flowering","QHI_ERIVAG_flowering","ERIVAG_flowering","ERIVAG_12",2010,155,152,149
"QHI","ERIVAG","flowering","QHI_ERIVAG_flowering","ERIVAG_flowering","ERIVAG_13",2010,171,170,149
"QHI","ERIVAG","flowering","QHI_ERIVAG_flowering","ERIVAG_flowering","ERIVAG_14",2010,155,152,149
"QHI","ERIVAG","flowering","QHI_ERIVAG_flowering","ERIVAG_flowering","ERIVAG_15",2010,155,152,149
"QHI","ERIVAG","flowering","QHI_ERIVAG_flowering","ERIVAG_flowering","ERIVAG_16",2010,155,152,149
"QHI","ERIVAG","flowering","QHI_ERIVAG_flowering","ERIVAG_flowering","ERIVAG_17",2010,155,152,149
"QHI","ERIVAG","flowering","QHI_ERIVAG_flowering","ERIVAG_flowering","ERIVAG_18",2010,155,152,146
"QHI","ERIVAG","flowering","QHI_ERIVAG_flowering","ERIVAG_flowering","ERIVAG_19",2010,155,152,146
"QHI","ERIVAG","flowering","QHI_ERIVAG_flowering","ERIVAG_flowering","ERIVAG_20",2010,155,152,146
"QHI","ERIVAG","flowering","QHI_ERIVAG_flowering","ERIVAG_flowering","ERIVAG_1",2009,157,154,151
"QHI","ERIVAG","flowering","QHI_ERIVAG_flowering","ERIVAG_flowering","ERIVAG_2",2009,NA,NA,151
"QHI","ERIVAG","flowering","QHI_ERIVAG_flowering","ERIVAG_flowering","ERIVAG_3",2009,NA,NA,151
"QHI","ERIVAG","flowering","QHI_ERIVAG_flowering","ERIVAG_flowering","ERIVAG_4",2009,151,148,148
"QHI","ERIVAG","flowering","QHI_ERIVAG_flowering","ERIVAG_flowering","ERIVAG_5",2009,151,148,148
"QHI","ERIVAG","flowering","QHI_ERIVAG_flowering","ERIVAG_flowering","ERIVAG_6",2009,151,148,148
"QHI","ERIVAG","flowering","QHI_ERIVAG_flowering","ERIVAG_flowering","ERIVAG_7",2009,151,148,148
"QHI","ERIVAG","flowering","QHI_ERIVAG_flowering","ERIVAG_flowering","ERIVAG_8",2009,151,148,148
"QHI","ERIVAG","flowering","QHI_ERIVAG_flowering","ERIVAG_flowering","ERIVAG_9",2009,151,148,148
"QHI","ERIVAG","flowering","QHI_ERIVAG_flowering","ERIVAG_flowering","ERIVAG_10",2009,151,148,148
"QHI","ERIVAG","flowering","QHI_ERIVAG_flowering","ERIVAG_flowering","ERIVAG_11",2009,151,148,148
"QHI","ERIVAG","flowering","QHI_ERIVAG_flowering","ERIVAG_flowering","ERIVAG_12",2009,151,148,148
"QHI","ERIVAG","flowering","QHI_ERIVAG_flowering","ERIVAG_flowering","ERIVAG_13",2009,151,148,127
"QHI","ERIVAG","flowering","QHI_ERIVAG_flowering","ERIVAG_flowering","ERIVAG_14",2009,151,148,127
"QHI","ERIVAG","flowering","QHI_ERIVAG_flowering","ERIVAG_flowering","ERIVAG_15",2009,151,148,127
"QHI","ERIVAG","flowering","QHI_ERIVAG_flowering","ERIVAG_flowering","ERIVAG_16",2009,151,148,127
"QHI","ERIVAG","flowering","QHI_ERIVAG_flowering","ERIVAG_flowering","ERIVAG_17",2009,151,148,127
"QHI","ERIVAG","flowering","QHI_ERIVAG_flowering","ERIVAG_flowering","ERIVAG_18",2009,151,148,127
"QHI","ERIVAG","flowering","QHI_ERIVAG_flowering","ERIVAG_flowering","ERIVAG_19",2009,157,154,127
"QHI","ERIVAG","flowering","QHI_ERIVAG_flowering","ERIVAG_flowering","ERIVAG_20",2009,157,154,127
"QHI","ERIVAG","flowering","QHI_ERIVAG_flowering","ERIVAG_flowering","ERIVAG_1",2008,152,150,146
"QHI","ERIVAG","flowering","QHI_ERIVAG_flowering","ERIVAG_flowering","ERIVAG_2",2008,152,150,146
"QHI","ERIVAG","flowering","QHI_ERIVAG_flowering","ERIVAG_flowering","ERIVAG_3",2008,152,150,146
"QHI","ERIVAG","flowering","QHI_ERIVAG_flowering","ERIVAG_flowering","ERIVAG_4",2008,152,150,146
"QHI","ERIVAG","flowering","QHI_ERIVAG_flowering","ERIVAG_flowering","ERIVAG_5",2008,152,150,146
"QHI","ERIVAG","flowering","QHI_ERIVAG_flowering","ERIVAG_flowering","ERIVAG_6",2008,152,150,146
"QHI","ERIVAG","flowering","QHI_ERIVAG_flowering","ERIVAG_flowering","ERIVAG_7",2008,152,150,146
"QHI","ERIVAG","flowering","QHI_ERIVAG_flowering","ERIVAG_flowering","ERIVAG_8",2008,152,150,146
"QHI","ERIVAG","flowering","QHI_ERIVAG_flowering","ERIVAG_flowering","ERIVAG_9",2008,152,150,146
"QHI","ERIVAG","flowering","QHI_ERIVAG_flowering","ERIVAG_flowering","ERIVAG_10",2008,152,150,146
"QHI","ERIVAG","flowering","QHI_ERIVAG_flowering","ERIVAG_flowering","ERIVAG_11",2008,152,150,146
"QHI","ERIVAG","flowering","QHI_ERIVAG_flowering","ERIVAG_flowering","ERIVAG_12",2008,152,150,146
"QHI","ERIVAG","flowering","QHI_ERIVAG_flowering","ERIVAG_flowering","ERIVAG_13",2008,152,150,146
"QHI","ERIVAG","flowering","QHI_ERIVAG_flowering","ERIVAG_flowering","ERIVAG_14",2008,152,150,146
"QHI","ERIVAG","flowering","QHI_ERIVAG_flowering","ERIVAG_flowering","ERIVAG_15",2008,152,150,146
"QHI","ERIVAG","flowering","QHI_ERIVAG_flowering","ERIVAG_flowering","ERIVAG_16",2008,152,150,146
"QHI","ERIVAG","flowering","QHI_ERIVAG_flowering","ERIVAG_flowering","ERIVAG_17",2008,152,150,146
"QHI","ERIVAG","flowering","QHI_ERIVAG_flowering","ERIVAG_flowering","ERIVAG_18",2008,152,150,146
"QHI","ERIVAG","flowering","QHI_ERIVAG_flowering","ERIVAG_flowering","ERIVAG_19",2008,152,150,146
"QHI","ERIVAG","flowering","QHI_ERIVAG_flowering","ERIVAG_flowering","ERIVAG_20",2008,152,150,146
"QHI","ERIVAG","flowering","QHI_ERIVAG_flowering","ERIVAG_flowering","ERIVAG_1",2007,158,149,158
"QHI","ERIVAG","flowering","QHI_ERIVAG_flowering","ERIVAG_flowering","ERIVAG_2",2007,149,146,149
"QHI","ERIVAG","flowering","QHI_ERIVAG_flowering","ERIVAG_flowering","ERIVAG_3",2007,149,146,149
"QHI","ERIVAG","flowering","QHI_ERIVAG_flowering","ERIVAG_flowering","ERIVAG_4",2007,149,146,149
"QHI","ERIVAG","flowering","QHI_ERIVAG_flowering","ERIVAG_flowering","ERIVAG_5",2007,149,146,149
"QHI","ERIVAG","flowering","QHI_ERIVAG_flowering","ERIVAG_flowering","ERIVAG_6",2007,149,146,149
"QHI","ERIVAG","flowering","QHI_ERIVAG_flowering","ERIVAG_flowering","ERIVAG_7",2007,149,146,149
"QHI","ERIVAG","flowering","QHI_ERIVAG_flowering","ERIVAG_flowering","ERIVAG_8",2007,149,146,149
"QHI","ERIVAG","flowering","QHI_ERIVAG_flowering","ERIVAG_flowering","ERIVAG_9",2007,158,149,149
"QHI","ERIVAG","flowering","QHI_ERIVAG_flowering","ERIVAG_flowering","ERIVAG_10",2007,149,146,149
"QHI","ERIVAG","flowering","QHI_ERIVAG_flowering","ERIVAG_flowering","ERIVAG_11",2007,149,146,149
"QHI","ERIVAG","flowering","QHI_ERIVAG_flowering","ERIVAG_flowering","ERIVAG_12",2007,149,146,149
"QHI","ERIVAG","flowering","QHI_ERIVAG_flowering","ERIVAG_flowering","ERIVAG_13",2007,149,146,149
"QHI","ERIVAG","flowering","QHI_ERIVAG_flowering","ERIVAG_flowering","ERIVAG_14",2007,158,149,158
"QHI","ERIVAG","flowering","QHI_ERIVAG_flowering","ERIVAG_flowering","ERIVAG_15",2007,149,146,149
"QHI","ERIVAG","flowering","QHI_ERIVAG_flowering","ERIVAG_flowering","ERIVAG_16",2007,149,146,149
"QHI","ERIVAG","flowering","QHI_ERIVAG_flowering","ERIVAG_flowering","ERIVAG_17",2007,158,149,158
"QHI","ERIVAG","flowering","QHI_ERIVAG_flowering","ERIVAG_flowering","ERIVAG_18",2007,149,146,149
"QHI","ERIVAG","flowering","QHI_ERIVAG_flowering","ERIVAG_flowering","ERIVAG_19",2007,149,146,149
"QHI","ERIVAG","flowering","QHI_ERIVAG_flowering","ERIVAG_flowering","ERIVAG_20",2007,158,149,158
"QHI","ERIVAG","flowering","QHI_ERIVAG_flowering","ERIVAG_flowering","ERIVAG_1",2006,141,138,138
"QHI","ERIVAG","flowering","QHI_ERIVAG_flowering","ERIVAG_flowering","ERIVAG_2",2006,NA,NA,NA
"QHI","ERIVAG","flowering","QHI_ERIVAG_flowering","ERIVAG_flowering","ERIVAG_3",2006,141,138,135
"QHI","ERIVAG","flowering","QHI_ERIVAG_flowering","ERIVAG_flowering","ERIVAG_4",2006,141,138,138
"QHI","ERIVAG","flowering","QHI_ERIVAG_flowering","ERIVAG_flowering","ERIVAG_5",2006,138,135,135
"QHI","ERIVAG","flowering","QHI_ERIVAG_flowering","ERIVAG_flowering","ERIVAG_6",2006,138,135,135
"QHI","ERIVAG","flowering","QHI_ERIVAG_flowering","ERIVAG_flowering","ERIVAG_7",2006,NA,NA,135
"QHI","ERIVAG","flowering","QHI_ERIVAG_flowering","ERIVAG_flowering","ERIVAG_8",2006,138,135,138
"QHI","ERIVAG","flowering","QHI_ERIVAG_flowering","ERIVAG_flowering","ERIVAG_9",2006,NA,NA,135
"QHI","ERIVAG","flowering","QHI_ERIVAG_flowering","ERIVAG_flowering","ERIVAG_10",2006,141,138,135
"QHI","ERIVAG","flowering","QHI_ERIVAG_flowering","ERIVAG_flowering","ERIVAG_11",2006,138,135,138
"QHI","ERIVAG","flowering","QHI_ERIVAG_flowering","ERIVAG_flowering","ERIVAG_12",2006,138,135,135
"QHI","ERIVAG","flowering","QHI_ERIVAG_flowering","ERIVAG_flowering","ERIVAG_13",2006,138,135,138
"QHI","ERIVAG","flowering","QHI_ERIVAG_flowering","ERIVAG_flowering","ERIVAG_14",2006,138,135,135
"QHI","ERIVAG","flowering","QHI_ERIVAG_flowering","ERIVAG_flowering","ERIVAG_15",2006,138,135,135
"QHI","ERIVAG","flowering","QHI_ERIVAG_flowering","ERIVAG_flowering","ERIVAG_16",2006,138,135,135
"QHI","ERIVAG","flowering","QHI_ERIVAG_flowering","ERIVAG_flowering","ERIVAG_17",2006,NA,NA,138
"QHI","ERIVAG","flowering","QHI_ERIVAG_flowering","ERIVAG_flowering","ERIVAG_18",2006,141,138,135
"QHI","ERIVAG","flowering","QHI_ERIVAG_flowering","ERIVAG_flowering","ERIVAG_19",2006,138,135,135
"QHI","ERIVAG","flowering","QHI_ERIVAG_flowering","ERIVAG_flowering","ERIVAG_20",2006,138,135,135
"QHI","ERIVAG","flowering","QHI_ERIVAG_flowering","ERIVAG_flowering","ERIVAG_1",2005,144,141,NA
"QHI","ERIVAG","flowering","QHI_ERIVAG_flowering","ERIVAG_flowering","ERIVAG_2",2005,138,135,138
"QHI","ERIVAG","flowering","QHI_ERIVAG_flowering","ERIVAG_flowering","ERIVAG_3",2005,138,135,120
"QHI","ERIVAG","flowering","QHI_ERIVAG_flowering","ERIVAG_flowering","ERIVAG_4",2005,NA,NA,123
"QHI","ERIVAG","flowering","QHI_ERIVAG_flowering","ERIVAG_flowering","ERIVAG_5",2005,NA,NA,138
"QHI","ERIVAG","flowering","QHI_ERIVAG_flowering","ERIVAG_flowering","ERIVAG_6",2005,138,135,120
"QHI","ERIVAG","flowering","QHI_ERIVAG_flowering","ERIVAG_flowering","ERIVAG_7",2005,138,135,132
"QHI","ERIVAG","flowering","QHI_ERIVAG_flowering","ERIVAG_flowering","ERIVAG_8",2005,138,135,138
"QHI","ERIVAG","flowering","QHI_ERIVAG_flowering","ERIVAG_flowering","ERIVAG_9",2005,147,144,138
"QHI","ERIVAG","flowering","QHI_ERIVAG_flowering","ERIVAG_flowering","ERIVAG_10",2005,138,135,120
"QHI","ERIVAG","flowering","QHI_ERIVAG_flowering","ERIVAG_flowering","ERIVAG_11",2005,138,135,123
"QHI","ERIVAG","flowering","QHI_ERIVAG_flowering","ERIVAG_flowering","ERIVAG_12",2005,144,141,123
"QHI","ERIVAG","flowering","QHI_ERIVAG_flowering","ERIVAG_flowering","ERIVAG_13",2005,138,135,120
"QHI","ERIVAG","flowering","QHI_ERIVAG_flowering","ERIVAG_flowering","ERIVAG_14",2005,138,135,123
"QHI","ERIVAG","flowering","QHI_ERIVAG_flowering","ERIVAG_flowering","ERIVAG_15",2005,138,135,120
"QHI","ERIVAG","flowering","QHI_ERIVAG_flowering","ERIVAG_flowering","ERIVAG_16",2005,138,135,120
"QHI","ERIVAG","flowering","QHI_ERIVAG_flowering","ERIVAG_flowering","ERIVAG_17",2005,138,135,120
"QHI","ERIVAG","flowering","QHI_ERIVAG_flowering","ERIVAG_flowering","ERIVAG_18",2005,138,135,120
"QHI","ERIVAG","flowering","QHI_ERIVAG_flowering","ERIVAG_flowering","ERIVAG_19",2005,138,135,120
"QHI","ERIVAG","flowering","QHI_ERIVAG_flowering","ERIVAG_flowering","ERIVAG_20",2005,138,135,120
"QHI","ERIVAG","flowering","QHI_ERIVAG_flowering","ERIVAG_flowering","ERIVAG_1",2004,150,148,NA
"QHI","ERIVAG","flowering","QHI_ERIVAG_flowering","ERIVAG_flowering","ERIVAG_2",2004,150,148,144
"QHI","ERIVAG","flowering","QHI_ERIVAG_flowering","ERIVAG_flowering","ERIVAG_3",2004,150,148,144
"QHI","ERIVAG","flowering","QHI_ERIVAG_flowering","ERIVAG_flowering","ERIVAG_4",2004,153,150,144
"QHI","ERIVAG","flowering","QHI_ERIVAG_flowering","ERIVAG_flowering","ERIVAG_5",2004,NA,NA,144
"QHI","ERIVAG","flowering","QHI_ERIVAG_flowering","ERIVAG_flowering","ERIVAG_6",2004,150,148,144
"QHI","ERIVAG","flowering","QHI_ERIVAG_flowering","ERIVAG_flowering","ERIVAG_7",2004,150,148,144
"QHI","ERIVAG","flowering","QHI_ERIVAG_flowering","ERIVAG_flowering","ERIVAG_8",2004,150,148,144
"QHI","ERIVAG","flowering","QHI_ERIVAG_flowering","ERIVAG_flowering","ERIVAG_9",2004,148,147,150
"QHI","ERIVAG","flowering","QHI_ERIVAG_flowering","ERIVAG_flowering","ERIVAG_10",2004,150,148,144
"QHI","ERIVAG","flowering","QHI_ERIVAG_flowering","ERIVAG_flowering","ERIVAG_11",2004,153,150,150
"QHI","ERIVAG","flowering","QHI_ERIVAG_flowering","ERIVAG_flowering","ERIVAG_12",2004,153,150,150
"QHI","ERIVAG","flowering","QHI_ERIVAG_flowering","ERIVAG_flowering","ERIVAG_13",2004,NA,NA,141
"QHI","ERIVAG","flowering","QHI_ERIVAG_flowering","ERIVAG_flowering","ERIVAG_14",2004,NA,NA,144
"QHI","ERIVAG","flowering","QHI_ERIVAG_flowering","ERIVAG_flowering","ERIVAG_15",2004,150,148,144
"QHI","ERIVAG","flowering","QHI_ERIVAG_flowering","ERIVAG_flowering","ERIVAG_16",2004,150,148,144
"QHI","ERIVAG","flowering","QHI_ERIVAG_flowering","ERIVAG_flowering","ERIVAG_17",2004,153,150,144
"QHI","ERIVAG","flowering","QHI_ERIVAG_flowering","ERIVAG_flowering","ERIVAG_18",2004,150,148,144
"QHI","ERIVAG","flowering","QHI_ERIVAG_flowering","ERIVAG_flowering","ERIVAG_19",2004,150,148,144
"QHI","ERIVAG","flowering","QHI_ERIVAG_flowering","ERIVAG_flowering","ERIVAG_20",2004,150,148,144
"QHI","ERIVAG","flowering","QHI_ERIVAG_flowering","ERIVAG_flowering","ERIVAG_1",2003,NA,NA,151
"QHI","ERIVAG","flowering","QHI_ERIVAG_flowering","ERIVAG_flowering","ERIVAG_2",2003,158,154,154
"QHI","ERIVAG","flowering","QHI_ERIVAG_flowering","ERIVAG_flowering","ERIVAG_3",2003,NA,NA,141
"QHI","ERIVAG","flowering","QHI_ERIVAG_flowering","ERIVAG_flowering","ERIVAG_4",2003,NA,NA,149
"QHI","ERIVAG","flowering","QHI_ERIVAG_flowering","ERIVAG_flowering","ERIVAG_5",2003,NA,NA,147
"QHI","ERIVAG","flowering","QHI_ERIVAG_flowering","ERIVAG_flowering","ERIVAG_6",2003,154,153,147
"QHI","ERIVAG","flowering","QHI_ERIVAG_flowering","ERIVAG_flowering","ERIVAG_7",2003,158,154,147
"QHI","ERIVAG","flowering","QHI_ERIVAG_flowering","ERIVAG_flowering","ERIVAG_8",2003,154,153,141
"QHI","ERIVAG","flowering","QHI_ERIVAG_flowering","ERIVAG_flowering","ERIVAG_9",2003,164,158,141
"QHI","ERIVAG","flowering","QHI_ERIVAG_flowering","ERIVAG_flowering","ERIVAG_10",2003,154,153,147
"QHI","ERIVAG","flowering","QHI_ERIVAG_flowering","ERIVAG_flowering","ERIVAG_11",2003,154,153,141
"QHI","ERIVAG","flowering","QHI_ERIVAG_flowering","ERIVAG_flowering","ERIVAG_12",2003,154,153,141
"QHI","ERIVAG","flowering","QHI_ERIVAG_flowering","ERIVAG_flowering","ERIVAG_13",2003,154,153,141
"QHI","ERIVAG","flowering","QHI_ERIVAG_flowering","ERIVAG_flowering","ERIVAG_14",2003,154,153,141
"QHI","ERIVAG","flowering","QHI_ERIVAG_flowering","ERIVAG_flowering","ERIVAG_15",2003,154,153,141
"QHI","ERIVAG","flowering","QHI_ERIVAG_flowering","ERIVAG_flowering","ERIVAG_16",2003,154,153,141
"QHI","ERIVAG","flowering","QHI_ERIVAG_flowering","ERIVAG_flowering","ERIVAG_17",2003,NA,NA,141
"QHI","ERIVAG","flowering","QHI_ERIVAG_flowering","ERIVAG_flowering","ERIVAG_18",2003,154,153,141
"QHI","ERIVAG","flowering","QHI_ERIVAG_flowering","ERIVAG_flowering","ERIVAG_19",2003,NA,NA,141
"QHI","ERIVAG","flowering","QHI_ERIVAG_flowering","ERIVAG_flowering","ERIVAG_20",2003,154,153,141
"QHI","ERIVAG","flowering","QHI_ERIVAG_flowering","ERIVAG_flowering","ERIVAG_1",2002,137,135,137
"QHI","ERIVAG","flowering","QHI_ERIVAG_flowering","ERIVAG_flowering","ERIVAG_2",2002,135,131,135
"QHI","ERIVAG","flowering","QHI_ERIVAG_flowering","ERIVAG_flowering","ERIVAG_3",2002,137,135,131
"QHI","ERIVAG","flowering","QHI_ERIVAG_flowering","ERIVAG_flowering","ERIVAG_4",2002,137,135,135
"QHI","ERIVAG","flowering","QHI_ERIVAG_flowering","ERIVAG_flowering","ERIVAG_5",2002,135,131,135
"QHI","ERIVAG","flowering","QHI_ERIVAG_flowering","ERIVAG_flowering","ERIVAG_6",2002,152,143,135
"QHI","ERIVAG","flowering","QHI_ERIVAG_flowering","ERIVAG_flowering","ERIVAG_7",2002,143,140,135
"QHI","ERIVAG","flowering","QHI_ERIVAG_flowering","ERIVAG_flowering","ERIVAG_8",2002,143,140,140
"QHI","ERIVAG","flowering","QHI_ERIVAG_flowering","ERIVAG_flowering","ERIVAG_9",2002,NA,NA,143
"QHI","ERIVAG","flowering","QHI_ERIVAG_flowering","ERIVAG_flowering","ERIVAG_10",2002,152,143,143
"QHI","ERIVAG","flowering","QHI_ERIVAG_flowering","ERIVAG_flowering","ERIVAG_11",2002,131,121,131
"QHI","ERIVAG","flowering","QHI_ERIVAG_flowering","ERIVAG_flowering","ERIVAG_12",2002,137,135,137
"QHI","ERIVAG","flowering","QHI_ERIVAG_flowering","ERIVAG_flowering","ERIVAG_13",2002,131,121,131
"QHI","ERIVAG","flowering","QHI_ERIVAG_flowering","ERIVAG_flowering","ERIVAG_14",2002,137,135,135
"QHI","ERIVAG","flowering","QHI_ERIVAG_flowering","ERIVAG_flowering","ERIVAG_15",2002,135,131,135
"QHI","ERIVAG","flowering","QHI_ERIVAG_flowering","ERIVAG_flowering","ERIVAG_16",2002,131,121,131
"QHI","ERIVAG","flowering","QHI_ERIVAG_flowering","ERIVAG_flowering","ERIVAG_17",2002,159,152,131
"QHI","ERIVAG","flowering","QHI_ERIVAG_flowering","ERIVAG_flowering","ERIVAG_18",2002,131,121,131
"QHI","ERIVAG","flowering","QHI_ERIVAG_flowering","ERIVAG_flowering","ERIVAG_19",2002,131,121,131
"QHI","ERIVAG","flowering","QHI_ERIVAG_flowering","ERIVAG_flowering","ERIVAG_20",2002,135,131,135
"QHI","SALARC","green_up","QHI_SALARC_green_up","SALARC_green_up","SALARC_F1",2017,159,156,147
"QHI","SALARC","green_up","QHI_SALARC_green_up","SALARC_green_up","SALARC_M1",2017,150,149,147
"QHI","SALARC","green_up","QHI_SALARC_green_up","SALARC_green_up","SALARC_F2",2017,159,156,147
"QHI","SALARC","green_up","QHI_SALARC_green_up","SALARC_green_up","SALARC_M2",2017,153,151,147
"QHI","SALARC","green_up","QHI_SALARC_green_up","SALARC_green_up","SALARC_F3",2017,163,162,147
"QHI","SALARC","green_up","QHI_SALARC_green_up","SALARC_green_up","SALARC_M3",2017,159,156,147
"QHI","SALARC","green_up","QHI_SALARC_green_up","SALARC_green_up","SALARC_F4",2017,156,153,147
"QHI","SALARC","green_up","QHI_SALARC_green_up","SALARC_green_up","SALARC_M4",2017,165,163,147
"QHI","SALARC","green_up","QHI_SALARC_green_up","SALARC_green_up","SALARC_F5",2017,159,156,147
"QHI","SALARC","green_up","QHI_SALARC_green_up","SALARC_green_up","SALARC_M5",2017,NA,NA,147
"QHI","SALARC","green_up","QHI_SALARC_green_up","SALARC_green_up","SALARC_F6",2017,160,159,147
"QHI","SALARC","green_up","QHI_SALARC_green_up","SALARC_green_up","SALARC_M6",2017,163,162,147
"QHI","SALARC","green_up","QHI_SALARC_green_up","SALARC_green_up","SALARC_F7",2017,153,151,147
"QHI","SALARC","green_up","QHI_SALARC_green_up","SALARC_green_up","SALARC_M7",2017,163,162,147
"QHI","SALARC","green_up","QHI_SALARC_green_up","SALARC_green_up","SALARC_F8",2017,159,156,147
"QHI","SALARC","green_up","QHI_SALARC_green_up","SALARC_green_up","SALARC_M8",2017,150,149,147
"QHI","SALARC","green_up","QHI_SALARC_green_up","SALARC_green_up","SALARC_F9",2017,163,162,147
"QHI","SALARC","green_up","QHI_SALARC_green_up","SALARC_green_up","SALARC_M9",2017,150,149,147
"QHI","SALARC","green_up","QHI_SALARC_green_up","SALARC_green_up","SALARC_F10",2017,150,149,147
"QHI","SALARC","green_up","QHI_SALARC_green_up","SALARC_green_up","SALARC_M10",2017,153,151,147
"QHI","SALARC","green_up","QHI_SALARC_green_up","SALARC_green_up","SALARC_F1",2016,156,154,144
"QHI","SALARC","green_up","QHI_SALARC_green_up","SALARC_green_up","SALARC_F10",2016,156,154,142
"QHI","SALARC","green_up","QHI_SALARC_green_up","SALARC_green_up","SALARC_F2",2016,159,156,144
"QHI","SALARC","green_up","QHI_SALARC_green_up","SALARC_green_up","SALARC_F3",2016,159,156,144
"QHI","SALARC","green_up","QHI_SALARC_green_up","SALARC_green_up","SALARC_F4",2016,159,156,144
"QHI","SALARC","green_up","QHI_SALARC_green_up","SALARC_green_up","SALARC_F5",2016,166,159,142
"QHI","SALARC","green_up","QHI_SALARC_green_up","SALARC_green_up","SALARC_F6",2016,159,156,144
"QHI","SALARC","green_up","QHI_SALARC_green_up","SALARC_green_up","SALARC_F7",2016,156,154,142
"QHI","SALARC","green_up","QHI_SALARC_green_up","SALARC_green_up","SALARC_F8",2016,156,154,142
"QHI","SALARC","green_up","QHI_SALARC_green_up","SALARC_green_up","SALARC_F9",2016,156,154,142
"QHI","SALARC","green_up","QHI_SALARC_green_up","SALARC_green_up","SALARC_M1",2016,159,156,144
"QHI","SALARC","green_up","QHI_SALARC_green_up","SALARC_green_up","SALARC_M10",2016,159,156,142
"QHI","SALARC","green_up","QHI_SALARC_green_up","SALARC_green_up","SALARC_M2",2016,156,154,144
"QHI","SALARC","green_up","QHI_SALARC_green_up","SALARC_green_up","SALARC_M3",2016,159,156,142
"QHI","SALARC","green_up","QHI_SALARC_green_up","SALARC_green_up","SALARC_M4",2016,NA,NA,142
"QHI","SALARC","green_up","QHI_SALARC_green_up","SALARC_green_up","SALARC_M5",2016,177,176,144
"QHI","SALARC","green_up","QHI_SALARC_green_up","SALARC_green_up","SALARC_M6",2016,159,156,144
"QHI","SALARC","green_up","QHI_SALARC_green_up","SALARC_green_up","SALARC_M7",2016,159,156,142
"QHI","SALARC","green_up","QHI_SALARC_green_up","SALARC_green_up","SALARC_M8",2016,156,154,142
"QHI","SALARC","green_up","QHI_SALARC_green_up","SALARC_green_up","SALARC_M9",2016,147,144,142
"QHI","SALARC","green_up","QHI_SALARC_green_up","SALARC_green_up","SALARC_F1",2015,144,141,137
"QHI","SALARC","green_up","QHI_SALARC_green_up","SALARC_green_up","SALARC_F10",2015,137,135,137
"QHI","SALARC","green_up","QHI_SALARC_green_up","SALARC_green_up","SALARC_F2",2015,141,138,137
"QHI","SALARC","green_up","QHI_SALARC_green_up","SALARC_green_up","SALARC_F3",2015,147,144,137
"QHI","SALARC","green_up","QHI_SALARC_green_up","SALARC_green_up","SALARC_F4",2015,144,141,137
"QHI","SALARC","green_up","QHI_SALARC_green_up","SALARC_green_up","SALARC_F5",2015,137,135,137
"QHI","SALARC","green_up","QHI_SALARC_green_up","SALARC_green_up","SALARC_F6",2015,NA,NA,137
"QHI","SALARC","green_up","QHI_SALARC_green_up","SALARC_green_up","SALARC_F7",2015,137,135,137
"QHI","SALARC","green_up","QHI_SALARC_green_up","SALARC_green_up","SALARC_F8",2015,141,138,137
"QHI","SALARC","green_up","QHI_SALARC_green_up","SALARC_green_up","SALARC_F9",2015,141,138,137
"QHI","SALARC","green_up","QHI_SALARC_green_up","SALARC_green_up","SALARC_M1",2015,144,141,137
"QHI","SALARC","green_up","QHI_SALARC_green_up","SALARC_green_up","SALARC_M10",2015,141,138,137
"QHI","SALARC","green_up","QHI_SALARC_green_up","SALARC_green_up","SALARC_M2",2015,141,138,137
"QHI","SALARC","green_up","QHI_SALARC_green_up","SALARC_green_up","SALARC_M3",2015,141,138,137
"QHI","SALARC","green_up","QHI_SALARC_green_up","SALARC_green_up","SALARC_M4",2015,141,138,137
"QHI","SALARC","green_up","QHI_SALARC_green_up","SALARC_green_up","SALARC_M5",2015,141,138,137
"QHI","SALARC","green_up","QHI_SALARC_green_up","SALARC_green_up","SALARC_M6",2015,141,138,137
"QHI","SALARC","green_up","QHI_SALARC_green_up","SALARC_green_up","SALARC_M7",2015,141,138,137
"QHI","SALARC","green_up","QHI_SALARC_green_up","SALARC_green_up","SALARC_M8",2015,141,138,137
"QHI","SALARC","green_up","QHI_SALARC_green_up","SALARC_green_up","SALARC_M9",2015,141,138,137
"QHI","SALARC","green_up","QHI_SALARC_green_up","SALARC_green_up","SALARC_F1",2014,168,166,150
"QHI","SALARC","green_up","QHI_SALARC_green_up","SALARC_green_up","SALARC_F10",2014,135,132,135
"QHI","SALARC","green_up","QHI_SALARC_green_up","SALARC_green_up","SALARC_F2",2014,166,165,150
"QHI","SALARC","green_up","QHI_SALARC_green_up","SALARC_green_up","SALARC_F3",2014,166,165,156
"QHI","SALARC","green_up","QHI_SALARC_green_up","SALARC_green_up","SALARC_F4",2014,196,195,144
"QHI","SALARC","green_up","QHI_SALARC_green_up","SALARC_green_up","SALARC_F5",2014,166,165,144
"QHI","SALARC","green_up","QHI_SALARC_green_up","SALARC_green_up","SALARC_F6",2014,166,165,144
"QHI","SALARC","green_up","QHI_SALARC_green_up","SALARC_green_up","SALARC_F7",2014,153,150,135
"QHI","SALARC","green_up","QHI_SALARC_green_up","SALARC_green_up","SALARC_F8",2014,150,147,135
"QHI","SALARC","green_up","QHI_SALARC_green_up","SALARC_green_up","SALARC_F9",2014,150,147,135
"QHI","SALARC","green_up","QHI_SALARC_green_up","SALARC_green_up","SALARC_M1",2014,159,156,150
"QHI","SALARC","green_up","QHI_SALARC_green_up","SALARC_green_up","SALARC_M10",2014,147,144,135
"QHI","SALARC","green_up","QHI_SALARC_green_up","SALARC_green_up","SALARC_M2",2014,159,156,150
"QHI","SALARC","green_up","QHI_SALARC_green_up","SALARC_green_up","SALARC_M3",2014,166,165,150
"QHI","SALARC","green_up","QHI_SALARC_green_up","SALARC_green_up","SALARC_M4",2014,166,165,144
"QHI","SALARC","green_up","QHI_SALARC_green_up","SALARC_green_up","SALARC_M5",2014,159,156,144
"QHI","SALARC","green_up","QHI_SALARC_green_up","SALARC_green_up","SALARC_M6",2014,153,150,135
"QHI","SALARC","green_up","QHI_SALARC_green_up","SALARC_green_up","SALARC_M7",2014,150,147,135
"QHI","SALARC","green_up","QHI_SALARC_green_up","SALARC_green_up","SALARC_M8",2014,147,144,135
"QHI","SALARC","green_up","QHI_SALARC_green_up","SALARC_green_up","SALARC_M9",2014,150,147,135
"QHI","SALARC","green_up","QHI_SALARC_green_up","SALARC_green_up","SALARC_F1",2013,178,177,160
"QHI","SALARC","green_up","QHI_SALARC_green_up","SALARC_green_up","SALARC_F10",2013,166,165,154
"QHI","SALARC","green_up","QHI_SALARC_green_up","SALARC_green_up","SALARC_F2",2013,166,165,NA
"QHI","SALARC","green_up","QHI_SALARC_green_up","SALARC_green_up","SALARC_F3",2013,166,165,160
"QHI","SALARC","green_up","QHI_SALARC_green_up","SALARC_green_up","SALARC_F4",2013,166,165,160
"QHI","SALARC","green_up","QHI_SALARC_green_up","SALARC_green_up","SALARC_F5",2013,166,165,160
"QHI","SALARC","green_up","QHI_SALARC_green_up","SALARC_green_up","SALARC_F6",2013,166,165,154
"QHI","SALARC","green_up","QHI_SALARC_green_up","SALARC_green_up","SALARC_F7",2013,166,165,154
"QHI","SALARC","green_up","QHI_SALARC_green_up","SALARC_green_up","SALARC_F8",2013,166,165,154
"QHI","SALARC","green_up","QHI_SALARC_green_up","SALARC_green_up","SALARC_F9",2013,166,165,154
"QHI","SALARC","green_up","QHI_SALARC_green_up","SALARC_green_up","SALARC_M1",2013,166,165,NA
"QHI","SALARC","green_up","QHI_SALARC_green_up","SALARC_green_up","SALARC_M10",2013,166,165,154
"QHI","SALARC","green_up","QHI_SALARC_green_up","SALARC_green_up","SALARC_M2",2013,178,177,160
"QHI","SALARC","green_up","QHI_SALARC_green_up","SALARC_green_up","SALARC_M3",2013,175,174,160
"QHI","SALARC","green_up","QHI_SALARC_green_up","SALARC_green_up","SALARC_M4",2013,166,165,160
"QHI","SALARC","green_up","QHI_SALARC_green_up","SALARC_green_up","SALARC_M5",2013,172,171,160
"QHI","SALARC","green_up","QHI_SALARC_green_up","SALARC_green_up","SALARC_M6",2013,166,165,154
"QHI","SALARC","green_up","QHI_SALARC_green_up","SALARC_green_up","SALARC_M7",2013,184,183,154
"QHI","SALARC","green_up","QHI_SALARC_green_up","SALARC_green_up","SALARC_M8",2013,166,165,154
"QHI","SALARC","green_up","QHI_SALARC_green_up","SALARC_green_up","SALARC_M9",2013,166,165,154
"QHI","SALARC","green_up","QHI_SALARC_green_up","SALARC_green_up","SALARC_F1",2012,NA,NA,147
"QHI","SALARC","green_up","QHI_SALARC_green_up","SALARC_green_up","SALARC_F10",2012,159,158,147
"QHI","SALARC","green_up","QHI_SALARC_green_up","SALARC_green_up","SALARC_F2",2012,165,164,147
"QHI","SALARC","green_up","QHI_SALARC_green_up","SALARC_green_up","SALARC_F3",2012,165,164,147
"QHI","SALARC","green_up","QHI_SALARC_green_up","SALARC_green_up","SALARC_F4",2012,NA,NA,147
"QHI","SALARC","green_up","QHI_SALARC_green_up","SALARC_green_up","SALARC_F5",2012,159,158,144
"QHI","SALARC","green_up","QHI_SALARC_green_up","SALARC_green_up","SALARC_F6",2012,163,161,141
"QHI","SALARC","green_up","QHI_SALARC_green_up","SALARC_green_up","SALARC_F7",2012,163,161,141
"QHI","SALARC","green_up","QHI_SALARC_green_up","SALARC_green_up","SALARC_F8",2012,153,150,147
"QHI","SALARC","green_up","QHI_SALARC_green_up","SALARC_green_up","SALARC_F9",2012,147,144,141
"QHI","SALARC","green_up","QHI_SALARC_green_up","SALARC_green_up","SALARC_M1",2012,165,164,147
"QHI","SALARC","green_up","QHI_SALARC_green_up","SALARC_green_up","SALARC_M10",2012,154,153,147
"QHI","SALARC","green_up","QHI_SALARC_green_up","SALARC_green_up","SALARC_M2",2012,NA,NA,147
"QHI","SALARC","green_up","QHI_SALARC_green_up","SALARC_green_up","SALARC_M3",2012,168,167,147
"QHI","SALARC","green_up","QHI_SALARC_green_up","SALARC_green_up","SALARC_M4",2012,159,158,147
"QHI","SALARC","green_up","QHI_SALARC_green_up","SALARC_green_up","SALARC_M5",2012,165,164,144
"QHI","SALARC","green_up","QHI_SALARC_green_up","SALARC_green_up","SALARC_M6",2012,147,144,147
"QHI","SALARC","green_up","QHI_SALARC_green_up","SALARC_green_up","SALARC_M7",2012,156,155,141
"QHI","SALARC","green_up","QHI_SALARC_green_up","SALARC_green_up","SALARC_M8",2012,153,150,147
"QHI","SALARC","green_up","QHI_SALARC_green_up","SALARC_green_up","SALARC_M9",2012,153,150,147
"QHI","SALARC","green_up","QHI_SALARC_green_up","SALARC_green_up","SALARC_F1",2011,186,183,147
"QHI","SALARC","green_up","QHI_SALARC_green_up","SALARC_green_up","SALARC_F10",2011,150,147,144
"QHI","SALARC","green_up","QHI_SALARC_green_up","SALARC_green_up","SALARC_F2",2011,NA,NA,147
"QHI","SALARC","green_up","QHI_SALARC_green_up","SALARC_green_up","SALARC_F3",2011,NA,NA,147
"QHI","SALARC","green_up","QHI_SALARC_green_up","SALARC_green_up","SALARC_F4",2011,186,183,144
"QHI","SALARC","green_up","QHI_SALARC_green_up","SALARC_green_up","SALARC_F5",2011,NA,NA,144
"QHI","SALARC","green_up","QHI_SALARC_green_up","SALARC_green_up","SALARC_F6",2011,156,153,144
"QHI","SALARC","green_up","QHI_SALARC_green_up","SALARC_green_up","SALARC_F7",2011,183,180,144
"QHI","SALARC","green_up","QHI_SALARC_green_up","SALARC_green_up","SALARC_F8",2011,186,183,144
"QHI","SALARC","green_up","QHI_SALARC_green_up","SALARC_green_up","SALARC_F9",2011,150,147,144
"QHI","SALARC","green_up","QHI_SALARC_green_up","SALARC_green_up","SALARC_M1",2011,NA,NA,147
"QHI","SALARC","green_up","QHI_SALARC_green_up","SALARC_green_up","SALARC_M10",2011,150,147,144
"QHI","SALARC","green_up","QHI_SALARC_green_up","SALARC_green_up","SALARC_M2",2011,NA,NA,147
"QHI","SALARC","green_up","QHI_SALARC_green_up","SALARC_green_up","SALARC_M3",2011,NA,NA,147
"QHI","SALARC","green_up","QHI_SALARC_green_up","SALARC_green_up","SALARC_M4",2011,159,156,144
"QHI","SALARC","green_up","QHI_SALARC_green_up","SALARC_green_up","SALARC_M5",2011,171,168,144
"QHI","SALARC","green_up","QHI_SALARC_green_up","SALARC_green_up","SALARC_M6",2011,NA,NA,144
"QHI","SALARC","green_up","QHI_SALARC_green_up","SALARC_green_up","SALARC_M7",2011,186,183,144
"QHI","SALARC","green_up","QHI_SALARC_green_up","SALARC_green_up","SALARC_M8",2011,NA,NA,144
"QHI","SALARC","green_up","QHI_SALARC_green_up","SALARC_green_up","SALARC_M9",2011,153,150,144
"QHI","SALARC","green_up","QHI_SALARC_green_up","SALARC_green_up","SALARC_F1",2010,182,179,149
"QHI","SALARC","green_up","QHI_SALARC_green_up","SALARC_green_up","SALARC_F10",2010,158,155,149
"QHI","SALARC","green_up","QHI_SALARC_green_up","SALARC_green_up","SALARC_F2",2010,NA,NA,152
"QHI","SALARC","green_up","QHI_SALARC_green_up","SALARC_green_up","SALARC_F3",2010,NA,NA,149
"QHI","SALARC","green_up","QHI_SALARC_green_up","SALARC_green_up","SALARC_F4",2010,161,158,149
"QHI","SALARC","green_up","QHI_SALARC_green_up","SALARC_green_up","SALARC_F5",2010,NA,NA,149
"QHI","SALARC","green_up","QHI_SALARC_green_up","SALARC_green_up","SALARC_F6",2010,161,158,149
"QHI","SALARC","green_up","QHI_SALARC_green_up","SALARC_green_up","SALARC_F7",2010,161,158,149
"QHI","SALARC","green_up","QHI_SALARC_green_up","SALARC_green_up","SALARC_F8",2010,161,158,149
"QHI","SALARC","green_up","QHI_SALARC_green_up","SALARC_green_up","SALARC_F9",2010,161,158,149
"QHI","SALARC","green_up","QHI_SALARC_green_up","SALARC_green_up","SALARC_M1",2010,161,158,152
"QHI","SALARC","green_up","QHI_SALARC_green_up","SALARC_green_up","SALARC_M10",2010,155,152,149
"QHI","SALARC","green_up","QHI_SALARC_green_up","SALARC_green_up","SALARC_M2",2010,161,158,149
"QHI","SALARC","green_up","QHI_SALARC_green_up","SALARC_green_up","SALARC_M3",2010,NA,NA,149
"QHI","SALARC","green_up","QHI_SALARC_green_up","SALARC_green_up","SALARC_M4",2010,161,158,149
"QHI","SALARC","green_up","QHI_SALARC_green_up","SALARC_green_up","SALARC_M5",2010,161,158,149
"QHI","SALARC","green_up","QHI_SALARC_green_up","SALARC_green_up","SALARC_M6",2010,NA,NA,149
"QHI","SALARC","green_up","QHI_SALARC_green_up","SALARC_green_up","SALARC_M7",2010,161,158,149
"QHI","SALARC","green_up","QHI_SALARC_green_up","SALARC_green_up","SALARC_M8",2010,155,152,149
"QHI","SALARC","green_up","QHI_SALARC_green_up","SALARC_green_up","SALARC_M9",2010,158,155,149
"QHI","SALARC","green_up","QHI_SALARC_green_up","SALARC_green_up","SALARC_F1",2009,184,181,160
"QHI","SALARC","green_up","QHI_SALARC_green_up","SALARC_green_up","SALARC_F10",2009,163,160,157
"QHI","SALARC","green_up","QHI_SALARC_green_up","SALARC_green_up","SALARC_F2",2009,NA,NA,157
"QHI","SALARC","green_up","QHI_SALARC_green_up","SALARC_green_up","SALARC_F3",2009,NA,NA,157
"QHI","SALARC","green_up","QHI_SALARC_green_up","SALARC_green_up","SALARC_F4",2009,166,163,157
"QHI","SALARC","green_up","QHI_SALARC_green_up","SALARC_green_up","SALARC_F5",2009,NA,NA,157
"QHI","SALARC","green_up","QHI_SALARC_green_up","SALARC_green_up","SALARC_F6",2009,166,163,157
"QHI","SALARC","green_up","QHI_SALARC_green_up","SALARC_green_up","SALARC_F7",2009,166,163,157
"QHI","SALARC","green_up","QHI_SALARC_green_up","SALARC_green_up","SALARC_F8",2009,163,160,157
"QHI","SALARC","green_up","QHI_SALARC_green_up","SALARC_green_up","SALARC_F9",2009,163,160,157
"QHI","SALARC","green_up","QHI_SALARC_green_up","SALARC_green_up","SALARC_M1",2009,166,163,160
"QHI","SALARC","green_up","QHI_SALARC_green_up","SALARC_green_up","SALARC_M10",2009,163,160,157
"QHI","SALARC","green_up","QHI_SALARC_green_up","SALARC_green_up","SALARC_M2",2009,184,181,157
"QHI","SALARC","green_up","QHI_SALARC_green_up","SALARC_green_up","SALARC_M3",2009,NA,NA,157
"QHI","SALARC","green_up","QHI_SALARC_green_up","SALARC_green_up","SALARC_M4",2009,166,163,157
"QHI","SALARC","green_up","QHI_SALARC_green_up","SALARC_green_up","SALARC_M5",2009,166,163,157
"QHI","SALARC","green_up","QHI_SALARC_green_up","SALARC_green_up","SALARC_M6",2009,NA,NA,157
"QHI","SALARC","green_up","QHI_SALARC_green_up","SALARC_green_up","SALARC_M7",2009,163,160,157
"QHI","SALARC","green_up","QHI_SALARC_green_up","SALARC_green_up","SALARC_M8",2009,184,181,157
"QHI","SALARC","green_up","QHI_SALARC_green_up","SALARC_green_up","SALARC_M9",2009,166,163,157
"QHI","SALARC","green_up","QHI_SALARC_green_up","SALARC_green_up","SALARC_F1",2008,168,165,149
"QHI","SALARC","green_up","QHI_SALARC_green_up","SALARC_green_up","SALARC_F10",2008,156,153,149
"QHI","SALARC","green_up","QHI_SALARC_green_up","SALARC_green_up","SALARC_F2",2008,NA,NA,149
"QHI","SALARC","green_up","QHI_SALARC_green_up","SALARC_green_up","SALARC_F3",2008,168,165,149
"QHI","SALARC","green_up","QHI_SALARC_green_up","SALARC_green_up","SALARC_F4",2008,152,150,149
"QHI","SALARC","green_up","QHI_SALARC_green_up","SALARC_green_up","SALARC_F5",2008,NA,NA,149
"QHI","SALARC","green_up","QHI_SALARC_green_up","SALARC_green_up","SALARC_F6",2008,NA,NA,149
"QHI","SALARC","green_up","QHI_SALARC_green_up","SALARC_green_up","SALARC_F7",2008,152,150,149
"QHI","SALARC","green_up","QHI_SALARC_green_up","SALARC_green_up","SALARC_F8",2008,156,153,149
"QHI","SALARC","green_up","QHI_SALARC_green_up","SALARC_green_up","SALARC_F9",2008,156,153,149
"QHI","SALARC","green_up","QHI_SALARC_green_up","SALARC_green_up","SALARC_M1",2008,168,165,149
"QHI","SALARC","green_up","QHI_SALARC_green_up","SALARC_green_up","SALARC_M10",2008,152,150,149
"QHI","SALARC","green_up","QHI_SALARC_green_up","SALARC_green_up","SALARC_M2",2008,168,165,149
"QHI","SALARC","green_up","QHI_SALARC_green_up","SALARC_green_up","SALARC_M3",2008,168,165,149
"QHI","SALARC","green_up","QHI_SALARC_green_up","SALARC_green_up","SALARC_M4",2008,156,153,149
"QHI","SALARC","green_up","QHI_SALARC_green_up","SALARC_green_up","SALARC_M5",2008,NA,NA,149
"QHI","SALARC","green_up","QHI_SALARC_green_up","SALARC_green_up","SALARC_M6",2008,NA,NA,149
"QHI","SALARC","green_up","QHI_SALARC_green_up","SALARC_green_up","SALARC_M7",2008,156,153,149
"QHI","SALARC","green_up","QHI_SALARC_green_up","SALARC_green_up","SALARC_M8",2008,NA,NA,149
"QHI","SALARC","green_up","QHI_SALARC_green_up","SALARC_green_up","SALARC_M9",2008,156,153,149
"QHI","SALARC","green_up","QHI_SALARC_green_up","SALARC_green_up","SALARC_F1",2007,167,164,158
"QHI","SALARC","green_up","QHI_SALARC_green_up","SALARC_green_up","SALARC_F10",2007,NA,NA,NA
"QHI","SALARC","green_up","QHI_SALARC_green_up","SALARC_green_up","SALARC_F2",2007,NA,NA,158
"QHI","SALARC","green_up","QHI_SALARC_green_up","SALARC_green_up","SALARC_F3",2007,185,182,158
"QHI","SALARC","green_up","QHI_SALARC_green_up","SALARC_green_up","SALARC_F4",2007,167,164,158
"QHI","SALARC","green_up","QHI_SALARC_green_up","SALARC_green_up","SALARC_F5",2007,191,188,158
"QHI","SALARC","green_up","QHI_SALARC_green_up","SALARC_green_up","SALARC_F6",2007,167,164,158
"QHI","SALARC","green_up","QHI_SALARC_green_up","SALARC_green_up","SALARC_F7",2007,167,164,158
"QHI","SALARC","green_up","QHI_SALARC_green_up","SALARC_green_up","SALARC_F8",2007,NA,NA,158
"QHI","SALARC","green_up","QHI_SALARC_green_up","SALARC_green_up","SALARC_F9",2007,167,164,158
"QHI","SALARC","green_up","QHI_SALARC_green_up","SALARC_green_up","SALARC_M1",2007,164,161,158
"QHI","SALARC","green_up","QHI_SALARC_green_up","SALARC_green_up","SALARC_M10",2007,182,179,NA
"QHI","SALARC","green_up","QHI_SALARC_green_up","SALARC_green_up","SALARC_M2",2007,173,170,158
"QHI","SALARC","green_up","QHI_SALARC_green_up","SALARC_green_up","SALARC_M3",2007,185,182,158
"QHI","SALARC","green_up","QHI_SALARC_green_up","SALARC_green_up","SALARC_M4",2007,167,164,158
"QHI","SALARC","green_up","QHI_SALARC_green_up","SALARC_green_up","SALARC_M5",2007,161,158,158
"QHI","SALARC","green_up","QHI_SALARC_green_up","SALARC_green_up","SALARC_M6",2007,173,170,158
"QHI","SALARC","green_up","QHI_SALARC_green_up","SALARC_green_up","SALARC_M7",2007,NA,NA,158
"QHI","SALARC","green_up","QHI_SALARC_green_up","SALARC_green_up","SALARC_M8",2007,NA,NA,158
"QHI","SALARC","green_up","QHI_SALARC_green_up","SALARC_green_up","SALARC_M9",2007,173,170,158
"QHI","SALARC","green_up","QHI_SALARC_green_up","SALARC_green_up","SALARC_F1",2006,159,156,147
"QHI","SALARC","green_up","QHI_SALARC_green_up","SALARC_green_up","SALARC_F10",2006,165,162,141
"QHI","SALARC","green_up","QHI_SALARC_green_up","SALARC_green_up","SALARC_F2",2006,165,162,147
"QHI","SALARC","green_up","QHI_SALARC_green_up","SALARC_green_up","SALARC_F3",2006,162,159,147
"QHI","SALARC","green_up","QHI_SALARC_green_up","SALARC_green_up","SALARC_F4",2006,162,159,145
"QHI","SALARC","green_up","QHI_SALARC_green_up","SALARC_green_up","SALARC_F5",2006,165,162,145
"QHI","SALARC","green_up","QHI_SALARC_green_up","SALARC_green_up","SALARC_F6",2006,162,159,145
"QHI","SALARC","green_up","QHI_SALARC_green_up","SALARC_green_up","SALARC_F7",2006,156,153,145
"QHI","SALARC","green_up","QHI_SALARC_green_up","SALARC_green_up","SALARC_F8",2006,159,156,145
"QHI","SALARC","green_up","QHI_SALARC_green_up","SALARC_green_up","SALARC_F9",2006,153,150,141
"QHI","SALARC","green_up","QHI_SALARC_green_up","SALARC_green_up","SALARC_M1",2006,159,156,147
"QHI","SALARC","green_up","QHI_SALARC_green_up","SALARC_green_up","SALARC_M10",2006,162,159,141
"QHI","SALARC","green_up","QHI_SALARC_green_up","SALARC_green_up","SALARC_M2",2006,165,162,147
"QHI","SALARC","green_up","QHI_SALARC_green_up","SALARC_green_up","SALARC_M3",2006,165,162,147
"QHI","SALARC","green_up","QHI_SALARC_green_up","SALARC_green_up","SALARC_M4",2006,159,156,145
"QHI","SALARC","green_up","QHI_SALARC_green_up","SALARC_green_up","SALARC_M5",2006,156,153,145
"QHI","SALARC","green_up","QHI_SALARC_green_up","SALARC_green_up","SALARC_M6",2006,162,159,145
"QHI","SALARC","green_up","QHI_SALARC_green_up","SALARC_green_up","SALARC_M7",2006,162,159,147
"QHI","SALARC","green_up","QHI_SALARC_green_up","SALARC_green_up","SALARC_M8",2006,159,156,141
"QHI","SALARC","green_up","QHI_SALARC_green_up","SALARC_green_up","SALARC_M9",2006,156,153,141
"QHI","SALARC","green_up","QHI_SALARC_green_up","SALARC_green_up","SALARC_F1",2005,174,171,156
"QHI","SALARC","green_up","QHI_SALARC_green_up","SALARC_green_up","SALARC_F10",2005,174,171,130
"QHI","SALARC","green_up","QHI_SALARC_green_up","SALARC_green_up","SALARC_F2",2005,174,171,153
"QHI","SALARC","green_up","QHI_SALARC_green_up","SALARC_green_up","SALARC_F3",2005,174,171,150
"QHI","SALARC","green_up","QHI_SALARC_green_up","SALARC_green_up","SALARC_F4",2005,174,171,147
"QHI","SALARC","green_up","QHI_SALARC_green_up","SALARC_green_up","SALARC_F5",2005,174,171,147
"QHI","SALARC","green_up","QHI_SALARC_green_up","SALARC_green_up","SALARC_F6",2005,162,159,144
"QHI","SALARC","green_up","QHI_SALARC_green_up","SALARC_green_up","SALARC_F7",2005,174,171,144
"QHI","SALARC","green_up","QHI_SALARC_green_up","SALARC_green_up","SALARC_F8",2005,165,162,144
"QHI","SALARC","green_up","QHI_SALARC_green_up","SALARC_green_up","SALARC_F9",2005,162,159,144
"QHI","SALARC","green_up","QHI_SALARC_green_up","SALARC_green_up","SALARC_M1",2005,162,159,156
"QHI","SALARC","green_up","QHI_SALARC_green_up","SALARC_green_up","SALARC_M10",2005,162,159,138
"QHI","SALARC","green_up","QHI_SALARC_green_up","SALARC_green_up","SALARC_M2",2005,174,171,150
"QHI","SALARC","green_up","QHI_SALARC_green_up","SALARC_green_up","SALARC_M3",2005,162,159,150
"QHI","SALARC","green_up","QHI_SALARC_green_up","SALARC_green_up","SALARC_M4",2005,168,165,150
"QHI","SALARC","green_up","QHI_SALARC_green_up","SALARC_green_up","SALARC_M5",2005,162,159,147
"QHI","SALARC","green_up","QHI_SALARC_green_up","SALARC_green_up","SALARC_M6",2005,162,159,144
"QHI","SALARC","green_up","QHI_SALARC_green_up","SALARC_green_up","SALARC_M7",2005,174,171,144
"QHI","SALARC","green_up","QHI_SALARC_green_up","SALARC_green_up","SALARC_M8",2005,168,165,144
"QHI","SALARC","green_up","QHI_SALARC_green_up","SALARC_green_up","SALARC_M9",2005,174,171,138
"QHI","SALARC","green_up","QHI_SALARC_green_up","SALARC_green_up","SALARC_F1",2004,179,176,170
"QHI","SALARC","green_up","QHI_SALARC_green_up","SALARC_green_up","SALARC_F10",2004,176,173,168
"QHI","SALARC","green_up","QHI_SALARC_green_up","SALARC_green_up","SALARC_F2",2004,185,182,170
"QHI","SALARC","green_up","QHI_SALARC_green_up","SALARC_green_up","SALARC_F3",2004,185,182,170
"QHI","SALARC","green_up","QHI_SALARC_green_up","SALARC_green_up","SALARC_F4",2004,176,173,170
"QHI","SALARC","green_up","QHI_SALARC_green_up","SALARC_green_up","SALARC_F5",2004,176,173,170
"QHI","SALARC","green_up","QHI_SALARC_green_up","SALARC_green_up","SALARC_F6",2004,176,173,170
"QHI","SALARC","green_up","QHI_SALARC_green_up","SALARC_green_up","SALARC_F7",2004,176,173,170
"QHI","SALARC","green_up","QHI_SALARC_green_up","SALARC_green_up","SALARC_F8",2004,176,173,170
"QHI","SALARC","green_up","QHI_SALARC_green_up","SALARC_green_up","SALARC_F9",2004,176,173,170
"QHI","SALARC","green_up","QHI_SALARC_green_up","SALARC_green_up","SALARC_M1",2004,179,176,170
"QHI","SALARC","green_up","QHI_SALARC_green_up","SALARC_green_up","SALARC_M10",2004,176,173,168
"QHI","SALARC","green_up","QHI_SALARC_green_up","SALARC_green_up","SALARC_M2",2004,176,173,170
"QHI","SALARC","green_up","QHI_SALARC_green_up","SALARC_green_up","SALARC_M3",2004,182,179,170
"QHI","SALARC","green_up","QHI_SALARC_green_up","SALARC_green_up","SALARC_M4",2004,176,173,168
"QHI","SALARC","green_up","QHI_SALARC_green_up","SALARC_green_up","SALARC_M5",2004,182,179,170
"QHI","SALARC","green_up","QHI_SALARC_green_up","SALARC_green_up","SALARC_M6",2004,176,173,170
"QHI","SALARC","green_up","QHI_SALARC_green_up","SALARC_green_up","SALARC_M7",2004,176,173,170
"QHI","SALARC","green_up","QHI_SALARC_green_up","SALARC_green_up","SALARC_M8",2004,176,173,170
"QHI","SALARC","green_up","QHI_SALARC_green_up","SALARC_green_up","SALARC_M9",2004,176,173,168
"QHI","SALARC","green_up","QHI_SALARC_green_up","SALARC_green_up","SALARC_F1",2003,190,188,154
"QHI","SALARC","green_up","QHI_SALARC_green_up","SALARC_green_up","SALARC_F10",2003,171,168,151
"QHI","SALARC","green_up","QHI_SALARC_green_up","SALARC_green_up","SALARC_F2",2003,174,171,154
"QHI","SALARC","green_up","QHI_SALARC_green_up","SALARC_green_up","SALARC_F3",2003,183,179,154
"QHI","SALARC","green_up","QHI_SALARC_green_up","SALARC_green_up","SALARC_F4",2003,171,168,154
"QHI","SALARC","green_up","QHI_SALARC_green_up","SALARC_green_up","SALARC_F5",2003,171,168,154
"QHI","SALARC","green_up","QHI_SALARC_green_up","SALARC_green_up","SALARC_F6",2003,186,185,141
"QHI","SALARC","green_up","QHI_SALARC_green_up","SALARC_green_up","SALARC_F7",2003,171,168,141
"QHI","SALARC","green_up","QHI_SALARC_green_up","SALARC_green_up","SALARC_F8",2003,168,164,141
"QHI","SALARC","green_up","QHI_SALARC_green_up","SALARC_green_up","SALARC_F9",2003,168,164,141
"QHI","SALARC","green_up","QHI_SALARC_green_up","SALARC_green_up","SALARC_M1",2003,174,171,154
"QHI","SALARC","green_up","QHI_SALARC_green_up","SALARC_green_up","SALARC_M10",2003,171,168,151
"QHI","SALARC","green_up","QHI_SALARC_green_up","SALARC_green_up","SALARC_M2",2003,171,168,154
"QHI","SALARC","green_up","QHI_SALARC_green_up","SALARC_green_up","SALARC_M3",2003,174,171,154
"QHI","SALARC","green_up","QHI_SALARC_green_up","SALARC_green_up","SALARC_M4",2003,174,171,154
"QHI","SALARC","green_up","QHI_SALARC_green_up","SALARC_green_up","SALARC_M5",2003,NA,NA,151
"QHI","SALARC","green_up","QHI_SALARC_green_up","SALARC_green_up","SALARC_M6",2003,174,171,141
"QHI","SALARC","green_up","QHI_SALARC_green_up","SALARC_green_up","SALARC_M7",2003,168,164,141
"QHI","SALARC","green_up","QHI_SALARC_green_up","SALARC_green_up","SALARC_M8",2003,168,164,141
"QHI","SALARC","green_up","QHI_SALARC_green_up","SALARC_green_up","SALARC_M9",2003,174,171,151
"QHI","SALARC","green_up","QHI_SALARC_green_up","SALARC_green_up","SALARC_F1",2002,159,155,152
"QHI","SALARC","green_up","QHI_SALARC_green_up","SALARC_green_up","SALARC_F10",2002,159,155,152
"QHI","SALARC","green_up","QHI_SALARC_green_up","SALARC_green_up","SALARC_F2",2002,159,155,152
"QHI","SALARC","green_up","QHI_SALARC_green_up","SALARC_green_up","SALARC_F3",2002,161,159,152
"QHI","SALARC","green_up","QHI_SALARC_green_up","SALARC_green_up","SALARC_F4",2002,159,155,152
"QHI","SALARC","green_up","QHI_SALARC_green_up","SALARC_green_up","SALARC_F5",2002,159,155,155
"QHI","SALARC","green_up","QHI_SALARC_green_up","SALARC_green_up","SALARC_F6",2002,161,159,155
"QHI","SALARC","green_up","QHI_SALARC_green_up","SALARC_green_up","SALARC_F7",2002,159,155,152
"QHI","SALARC","green_up","QHI_SALARC_green_up","SALARC_green_up","SALARC_F8",2002,161,159,152
"QHI","SALARC","green_up","QHI_SALARC_green_up","SALARC_green_up","SALARC_F9",2002,159,155,152
"QHI","SALARC","green_up","QHI_SALARC_green_up","SALARC_green_up","SALARC_M1",2002,159,155,152
"QHI","SALARC","green_up","QHI_SALARC_green_up","SALARC_green_up","SALARC_M10",2002,161,159,152
"QHI","SALARC","green_up","QHI_SALARC_green_up","SALARC_green_up","SALARC_M2",2002,161,159,152
"QHI","SALARC","green_up","QHI_SALARC_green_up","SALARC_green_up","SALARC_M3",2002,159,155,152
"QHI","SALARC","green_up","QHI_SALARC_green_up","SALARC_green_up","SALARC_M4",2002,159,155,152
"QHI","SALARC","green_up","QHI_SALARC_green_up","SALARC_green_up","SALARC_M5",2002,161,159,155
"QHI","SALARC","green_up","QHI_SALARC_green_up","SALARC_green_up","SALARC_M6",2002,161,159,155
"QHI","SALARC","green_up","QHI_SALARC_green_up","SALARC_green_up","SALARC_M7",2002,159,155,152
"QHI","SALARC","green_up","QHI_SALARC_green_up","SALARC_green_up","SALARC_M8",2002,159,155,152
"QHI","SALARC","green_up","QHI_SALARC_green_up","SALARC_green_up","SALARC_M9",2002,159,155,152
"QHI","SALARC","green_up","QHI_SALARC_green_up","SALARC_green_up","SALARC_F1",2001,169,167,163
"QHI","SALARC","green_up","QHI_SALARC_green_up","SALARC_green_up","SALARC_F10",2001,163,160,158
"QHI","SALARC","green_up","QHI_SALARC_green_up","SALARC_green_up","SALARC_F2",2001,172,169,163
"QHI","SALARC","green_up","QHI_SALARC_green_up","SALARC_green_up","SALARC_F3",2001,172,169,160
"QHI","SALARC","green_up","QHI_SALARC_green_up","SALARC_green_up","SALARC_F4",2001,167,163,158
"QHI","SALARC","green_up","QHI_SALARC_green_up","SALARC_green_up","SALARC_F5",2001,172,169,160
"QHI","SALARC","green_up","QHI_SALARC_green_up","SALARC_green_up","SALARC_F6",2001,172,169,158
"QHI","SALARC","green_up","QHI_SALARC_green_up","SALARC_green_up","SALARC_F7",2001,169,167,158
"QHI","SALARC","green_up","QHI_SALARC_green_up","SALARC_green_up","SALARC_F8",2001,163,160,158
"QHI","SALARC","green_up","QHI_SALARC_green_up","SALARC_green_up","SALARC_F9",2001,163,160,158
"QHI","SALARC","green_up","QHI_SALARC_green_up","SALARC_green_up","SALARC_M1",2001,172,169,163
"QHI","SALARC","green_up","QHI_SALARC_green_up","SALARC_green_up","SALARC_M10",2001,163,160,158
"QHI","SALARC","green_up","QHI_SALARC_green_up","SALARC_green_up","SALARC_M2",2001,167,163,163
"QHI","SALARC","green_up","QHI_SALARC_green_up","SALARC_green_up","SALARC_M3",2001,172,169,163
"QHI","SALARC","green_up","QHI_SALARC_green_up","SALARC_green_up","SALARC_M4",2001,169,167,163
"QHI","SALARC","green_up","QHI_SALARC_green_up","SALARC_green_up","SALARC_M5",2001,172,169,160
"QHI","SALARC","green_up","QHI_SALARC_green_up","SALARC_green_up","SALARC_M6",2001,172,169,158
"QHI","SALARC","green_up","QHI_SALARC_green_up","SALARC_green_up","SALARC_M7",2001,169,167,158
"QHI","SALARC","green_up","QHI_SALARC_green_up","SALARC_green_up","SALARC_M8",2001,163,160,158
"QHI","SALARC","green_up","QHI_SALARC_green_up","SALARC_green_up","SALARC_M9",2001,163,160,158
"QHI","DRYINT","flowering","QHI_DRYINT_flowering","DRYINT_flowering","DRYINT_1",2017,186,183,135
"QHI","DRYINT","flowering","QHI_DRYINT_flowering","DRYINT_flowering","DRYINT_2",2017,NA,NA,129
"QHI","DRYINT","flowering","QHI_DRYINT_flowering","DRYINT_flowering","DRYINT_3",2017,174,171,131
"QHI","DRYINT","flowering","QHI_DRYINT_flowering","DRYINT_flowering","DRYINT_4",2017,NA,NA,129
"QHI","DRYINT","flowering","QHI_DRYINT_flowering","DRYINT_flowering","DRYINT_5",2017,NA,NA,129
"QHI","DRYINT","flowering","QHI_DRYINT_flowering","DRYINT_flowering","DRYINT_6",2017,NA,NA,135
"QHI","DRYINT","flowering","QHI_DRYINT_flowering","DRYINT_flowering","DRYINT_7",2017,174,171,131
"QHI","DRYINT","flowering","QHI_DRYINT_flowering","DRYINT_flowering","DRYINT_8",2017,NA,NA,138
"QHI","DRYINT","flowering","QHI_DRYINT_flowering","DRYINT_flowering","DRYINT_9",2017,NA,NA,135
"QHI","DRYINT","flowering","QHI_DRYINT_flowering","DRYINT_flowering","DRYINT_10",2017,NA,NA,135
"QHI","DRYINT","flowering","QHI_DRYINT_flowering","DRYINT_flowering","DRYINT_11",2017,NA,NA,135
"QHI","DRYINT","flowering","QHI_DRYINT_flowering","DRYINT_flowering","DRYINT_12",2017,NA,NA,135
"QHI","DRYINT","flowering","QHI_DRYINT_flowering","DRYINT_flowering","DRYINT_13",2017,NA,NA,138
"QHI","DRYINT","flowering","QHI_DRYINT_flowering","DRYINT_flowering","DRYINT_14",2017,186,183,138
"QHI","DRYINT","flowering","QHI_DRYINT_flowering","DRYINT_flowering","DRYINT_15",2017,183,180,138
"QHI","DRYINT","flowering","QHI_DRYINT_flowering","DRYINT_flowering","DRYINT_16",2017,NA,NA,138
"QHI","DRYINT","flowering","QHI_DRYINT_flowering","DRYINT_flowering","DRYINT_17",2017,NA,NA,138
"QHI","DRYINT","flowering","QHI_DRYINT_flowering","DRYINT_flowering","DRYINT_18",2017,NA,NA,138
"QHI","DRYINT","flowering","QHI_DRYINT_flowering","DRYINT_flowering","DRYINT_19",2017,183,180,135
"QHI","DRYINT","flowering","QHI_DRYINT_flowering","DRYINT_flowering","DRYINT_20",2017,174,171,135
"QHI","DRYINT","flowering","QHI_DRYINT_flowering","DRYINT_flowering","DRYINT_1",2016,180,177,135
"QHI","DRYINT","flowering","QHI_DRYINT_flowering","DRYINT_flowering","DRYINT_2",2016,NA,NA,131
"QHI","DRYINT","flowering","QHI_DRYINT_flowering","DRYINT_flowering","DRYINT_3",2016,NA,NA,131
"QHI","DRYINT","flowering","QHI_DRYINT_flowering","DRYINT_flowering","DRYINT_4",2016,180,177,131
"QHI","DRYINT","flowering","QHI_DRYINT_flowering","DRYINT_flowering","DRYINT_5",2016,NA,NA,131
"QHI","DRYINT","flowering","QHI_DRYINT_flowering","DRYINT_flowering","DRYINT_6",2016,183,180,131
"QHI","DRYINT","flowering","QHI_DRYINT_flowering","DRYINT_flowering","DRYINT_7",2016,NA,NA,131
"QHI","DRYINT","flowering","QHI_DRYINT_flowering","DRYINT_flowering","DRYINT_8",2016,NA,NA,135
"QHI","DRYINT","flowering","QHI_DRYINT_flowering","DRYINT_flowering","DRYINT_9",2016,NA,NA,135
"QHI","DRYINT","flowering","QHI_DRYINT_flowering","DRYINT_flowering","DRYINT_10",2016,176,171,135
"QHI","DRYINT","flowering","QHI_DRYINT_flowering","DRYINT_flowering","DRYINT_11",2016,NA,NA,135
"QHI","DRYINT","flowering","QHI_DRYINT_flowering","DRYINT_flowering","DRYINT_12",2016,NA,NA,135
"QHI","DRYINT","flowering","QHI_DRYINT_flowering","DRYINT_flowering","DRYINT_13",2016,NA,NA,135
"QHI","DRYINT","flowering","QHI_DRYINT_flowering","DRYINT_flowering","DRYINT_14",2016,183,180,135
"QHI","DRYINT","flowering","QHI_DRYINT_flowering","DRYINT_flowering","DRYINT_15",2016,NA,NA,135
"QHI","DRYINT","flowering","QHI_DRYINT_flowering","DRYINT_flowering","DRYINT_16",2016,NA,NA,135
"QHI","DRYINT","flowering","QHI_DRYINT_flowering","DRYINT_flowering","DRYINT_17",2016,NA,NA,135
"QHI","DRYINT","flowering","QHI_DRYINT_flowering","DRYINT_flowering","DRYINT_18",2016,NA,NA,135
"QHI","DRYINT","flowering","QHI_DRYINT_flowering","DRYINT_flowering","DRYINT_19",2016,NA,NA,135
"QHI","DRYINT","flowering","QHI_DRYINT_flowering","DRYINT_flowering","DRYINT_20",2016,207,204,135
"QHI","DRYINT","flowering","QHI_DRYINT_flowering","DRYINT_flowering","DRYINT_1",2015,175,173,130
"QHI","DRYINT","flowering","QHI_DRYINT_flowering","DRYINT_flowering","DRYINT_2",2015,175,173,123
"QHI","DRYINT","flowering","QHI_DRYINT_flowering","DRYINT_flowering","DRYINT_3",2015,163,162,130
"QHI","DRYINT","flowering","QHI_DRYINT_flowering","DRYINT_flowering","DRYINT_4",2015,NA,NA,117
"QHI","DRYINT","flowering","QHI_DRYINT_flowering","DRYINT_flowering","DRYINT_5",2015,172,169,123
"QHI","DRYINT","flowering","QHI_DRYINT_flowering","DRYINT_flowering","DRYINT_6",2015,172,169,117
"QHI","DRYINT","flowering","QHI_DRYINT_flowering","DRYINT_flowering","DRYINT_7",2015,172,169,130
"QHI","DRYINT","flowering","QHI_DRYINT_flowering","DRYINT_flowering","DRYINT_8",2015,172,169,130
"QHI","DRYINT","flowering","QHI_DRYINT_flowering","DRYINT_flowering","DRYINT_9",2015,NA,NA,130
"QHI","DRYINT","flowering","QHI_DRYINT_flowering","DRYINT_flowering","DRYINT_10",2015,172,169,130
"QHI","DRYINT","flowering","QHI_DRYINT_flowering","DRYINT_flowering","DRYINT_11",2015,NA,NA,130
"QHI","DRYINT","flowering","QHI_DRYINT_flowering","DRYINT_flowering","DRYINT_12",2015,NA,NA,130
"QHI","DRYINT","flowering","QHI_DRYINT_flowering","DRYINT_flowering","DRYINT_13",2015,NA,NA,130
"QHI","DRYINT","flowering","QHI_DRYINT_flowering","DRYINT_flowering","DRYINT_14",2015,175,173,130
"QHI","DRYINT","flowering","QHI_DRYINT_flowering","DRYINT_flowering","DRYINT_15",2015,NA,NA,137
"QHI","DRYINT","flowering","QHI_DRYINT_flowering","DRYINT_flowering","DRYINT_16",2015,NA,NA,130
"QHI","DRYINT","flowering","QHI_DRYINT_flowering","DRYINT_flowering","DRYINT_17",2015,NA,NA,137
"QHI","DRYINT","flowering","QHI_DRYINT_flowering","DRYINT_flowering","DRYINT_18",2015,NA,NA,137
"QHI","DRYINT","flowering","QHI_DRYINT_flowering","DRYINT_flowering","DRYINT_19",2015,NA,NA,130
"QHI","DRYINT","flowering","QHI_DRYINT_flowering","DRYINT_flowering","DRYINT_20",2015,172,169,130
"QHI","DRYINT","flowering","QHI_DRYINT_flowering","DRYINT_flowering","DRYINT_1",2014,180,177,123
"QHI","DRYINT","flowering","QHI_DRYINT_flowering","DRYINT_flowering","DRYINT_2",2014,NA,NA,123
"QHI","DRYINT","flowering","QHI_DRYINT_flowering","DRYINT_flowering","DRYINT_3",2014,NA,NA,123
"QHI","DRYINT","flowering","QHI_DRYINT_flowering","DRYINT_flowering","DRYINT_4",2014,NA,NA,123
"QHI","DRYINT","flowering","QHI_DRYINT_flowering","DRYINT_flowering","DRYINT_5",2014,180,177,123
"QHI","DRYINT","flowering","QHI_DRYINT_flowering","DRYINT_flowering","DRYINT_6",2014,174,171,123
"QHI","DRYINT","flowering","QHI_DRYINT_flowering","DRYINT_flowering","DRYINT_7",2014,174,171,126
"QHI","DRYINT","flowering","QHI_DRYINT_flowering","DRYINT_flowering","DRYINT_8",2014,NA,NA,126
"QHI","DRYINT","flowering","QHI_DRYINT_flowering","DRYINT_flowering","DRYINT_9",2014,NA,NA,126
"QHI","DRYINT","flowering","QHI_DRYINT_flowering","DRYINT_flowering","DRYINT_10",2014,177,174,126
"QHI","DRYINT","flowering","QHI_DRYINT_flowering","DRYINT_flowering","DRYINT_11",2014,NA,NA,126
"QHI","DRYINT","flowering","QHI_DRYINT_flowering","DRYINT_flowering","DRYINT_12",2014,NA,NA,123
"QHI","DRYINT","flowering","QHI_DRYINT_flowering","DRYINT_flowering","DRYINT_13",2014,NA,NA,126
"QHI","DRYINT","flowering","QHI_DRYINT_flowering","DRYINT_flowering","DRYINT_14",2014,NA,NA,123
"QHI","DRYINT","flowering","QHI_DRYINT_flowering","DRYINT_flowering","DRYINT_15",2014,190,189,126
"QHI","DRYINT","flowering","QHI_DRYINT_flowering","DRYINT_flowering","DRYINT_16",2014,NA,NA,126
"QHI","DRYINT","flowering","QHI_DRYINT_flowering","DRYINT_flowering","DRYINT_17",2014,180,177,126
"QHI","DRYINT","flowering","QHI_DRYINT_flowering","DRYINT_flowering","DRYINT_18",2014,NA,NA,126
"QHI","DRYINT","flowering","QHI_DRYINT_flowering","DRYINT_flowering","DRYINT_19",2014,180,177,126
"QHI","DRYINT","flowering","QHI_DRYINT_flowering","DRYINT_flowering","DRYINT_20",2014,207,206,126
"QHI","DRYINT","flowering","QHI_DRYINT_flowering","DRYINT_flowering","DRYINT_1",2013,NA,NA,138
"QHI","DRYINT","flowering","QHI_DRYINT_flowering","DRYINT_flowering","DRYINT_2",2013,181,180,112
"QHI","DRYINT","flowering","QHI_DRYINT_flowering","DRYINT_flowering","DRYINT_3",2013,NA,NA,112
"QHI","DRYINT","flowering","QHI_DRYINT_flowering","DRYINT_flowering","DRYINT_4",2013,181,180,112
"QHI","DRYINT","flowering","QHI_DRYINT_flowering","DRYINT_flowering","DRYINT_5",2013,NA,NA,135
"QHI","DRYINT","flowering","QHI_DRYINT_flowering","DRYINT_flowering","DRYINT_6",2013,172,171,133
"QHI","DRYINT","flowering","QHI_DRYINT_flowering","DRYINT_flowering","DRYINT_7",2013,NA,NA,139
"QHI","DRYINT","flowering","QHI_DRYINT_flowering","DRYINT_flowering","DRYINT_8",2013,NA,NA,145
"QHI","DRYINT","flowering","QHI_DRYINT_flowering","DRYINT_flowering","DRYINT_9",2013,NA,NA,145
"QHI","DRYINT","flowering","QHI_DRYINT_flowering","DRYINT_flowering","DRYINT_10",2013,178,177,142
"QHI","DRYINT","flowering","QHI_DRYINT_flowering","DRYINT_flowering","DRYINT_11",2013,NA,NA,142
"QHI","DRYINT","flowering","QHI_DRYINT_flowering","DRYINT_flowering","DRYINT_12",2013,NA,NA,145
"QHI","DRYINT","flowering","QHI_DRYINT_flowering","DRYINT_flowering","DRYINT_13",2013,178,177,145
"QHI","DRYINT","flowering","QHI_DRYINT_flowering","DRYINT_flowering","DRYINT_14",2013,NA,NA,142
"QHI","DRYINT","flowering","QHI_DRYINT_flowering","DRYINT_flowering","DRYINT_15",2013,181,180,145
"QHI","DRYINT","flowering","QHI_DRYINT_flowering","DRYINT_flowering","DRYINT_16",2013,NA,NA,145
"QHI","DRYINT","flowering","QHI_DRYINT_flowering","DRYINT_flowering","DRYINT_17",2013,181,180,145
"QHI","DRYINT","flowering","QHI_DRYINT_flowering","DRYINT_flowering","DRYINT_18",2013,181,180,145
"QHI","DRYINT","flowering","QHI_DRYINT_flowering","DRYINT_flowering","DRYINT_19",2013,178,177,145
"QHI","DRYINT","flowering","QHI_DRYINT_flowering","DRYINT_flowering","DRYINT_20",2013,172,171,142
"QHI","DRYINT","flowering","QHI_DRYINT_flowering","DRYINT_flowering","DRYINT_1",2012,NA,NA,135
"QHI","DRYINT","flowering","QHI_DRYINT_flowering","DRYINT_flowering","DRYINT_2",2012,NA,NA,120
"QHI","DRYINT","flowering","QHI_DRYINT_flowering","DRYINT_flowering","DRYINT_3",2012,171,170,135
"QHI","DRYINT","flowering","QHI_DRYINT_flowering","DRYINT_flowering","DRYINT_4",2012,180,179,120
"QHI","DRYINT","flowering","QHI_DRYINT_flowering","DRYINT_flowering","DRYINT_5",2012,177,176,135
"QHI","DRYINT","flowering","QHI_DRYINT_flowering","DRYINT_flowering","DRYINT_6",2012,183,182,135
"QHI","DRYINT","flowering","QHI_DRYINT_flowering","DRYINT_flowering","DRYINT_7",2012,177,176,135
"QHI","DRYINT","flowering","QHI_DRYINT_flowering","DRYINT_flowering","DRYINT_8",2012,NA,NA,135
"QHI","DRYINT","flowering","QHI_DRYINT_flowering","DRYINT_flowering","DRYINT_9",2012,NA,NA,135
"QHI","DRYINT","flowering","QHI_DRYINT_flowering","DRYINT_flowering","DRYINT_10",2012,174,173,135
"QHI","DRYINT","flowering","QHI_DRYINT_flowering","DRYINT_flowering","DRYINT_11",2012,NA,NA,135
"QHI","DRYINT","flowering","QHI_DRYINT_flowering","DRYINT_flowering","DRYINT_12",2012,NA,NA,135
"QHI","DRYINT","flowering","QHI_DRYINT_flowering","DRYINT_flowering","DRYINT_13",2012,177,176,135
"QHI","DRYINT","flowering","QHI_DRYINT_flowering","DRYINT_flowering","DRYINT_14",2012,NA,NA,135
"QHI","DRYINT","flowering","QHI_DRYINT_flowering","DRYINT_flowering","DRYINT_15",2012,174,173,141
"QHI","DRYINT","flowering","QHI_DRYINT_flowering","DRYINT_flowering","DRYINT_16",2012,NA,NA,135
"QHI","DRYINT","flowering","QHI_DRYINT_flowering","DRYINT_flowering","DRYINT_17",2012,NA,NA,135
"QHI","DRYINT","flowering","QHI_DRYINT_flowering","DRYINT_flowering","DRYINT_18",2012,180,179,141
"QHI","DRYINT","flowering","QHI_DRYINT_flowering","DRYINT_flowering","DRYINT_19",2012,NA,NA,135
"QHI","DRYINT","flowering","QHI_DRYINT_flowering","DRYINT_flowering","DRYINT_20",2012,180,179,135
"QHI","DRYINT","flowering","QHI_DRYINT_flowering","DRYINT_flowering","DRYINT_1",2011,NA,NA,141
"QHI","DRYINT","flowering","QHI_DRYINT_flowering","DRYINT_flowering","DRYINT_2",2011,NA,NA,141
"QHI","DRYINT","flowering","QHI_DRYINT_flowering","DRYINT_flowering","DRYINT_3",2011,177,174,141
"QHI","DRYINT","flowering","QHI_DRYINT_flowering","DRYINT_flowering","DRYINT_4",2011,NA,NA,141
"QHI","DRYINT","flowering","QHI_DRYINT_flowering","DRYINT_flowering","DRYINT_5",2011,177,174,141
"QHI","DRYINT","flowering","QHI_DRYINT_flowering","DRYINT_flowering","DRYINT_6",2011,186,183,141
"QHI","DRYINT","flowering","QHI_DRYINT_flowering","DRYINT_flowering","DRYINT_7",2011,174,171,141
"QHI","DRYINT","flowering","QHI_DRYINT_flowering","DRYINT_flowering","DRYINT_8",2011,NA,NA,141
"QHI","DRYINT","flowering","QHI_DRYINT_flowering","DRYINT_flowering","DRYINT_9",2011,NA,NA,141
"QHI","DRYINT","flowering","QHI_DRYINT_flowering","DRYINT_flowering","DRYINT_10",2011,174,171,141
"QHI","DRYINT","flowering","QHI_DRYINT_flowering","DRYINT_flowering","DRYINT_11",2011,174,171,141
"QHI","DRYINT","flowering","QHI_DRYINT_flowering","DRYINT_flowering","DRYINT_12",2011,NA,NA,141
"QHI","DRYINT","flowering","QHI_DRYINT_flowering","DRYINT_flowering","DRYINT_13",2011,NA,NA,141
"QHI","DRYINT","flowering","QHI_DRYINT_flowering","DRYINT_flowering","DRYINT_14",2011,NA,NA,141
"QHI","DRYINT","flowering","QHI_DRYINT_flowering","DRYINT_flowering","DRYINT_15",2011,183,180,141
"QHI","DRYINT","flowering","QHI_DRYINT_flowering","DRYINT_flowering","DRYINT_16",2011,NA,NA,141
"QHI","DRYINT","flowering","QHI_DRYINT_flowering","DRYINT_flowering","DRYINT_17",2011,183,180,141
"QHI","DRYINT","flowering","QHI_DRYINT_flowering","DRYINT_flowering","DRYINT_18",2011,NA,NA,141
"QHI","DRYINT","flowering","QHI_DRYINT_flowering","DRYINT_flowering","DRYINT_19",2011,171,168,141
"QHI","DRYINT","flowering","QHI_DRYINT_flowering","DRYINT_flowering","DRYINT_20",2011,177,174,141
"QHI","DRYINT","flowering","QHI_DRYINT_flowering","DRYINT_flowering","DRYINT_1",2010,NA,NA,113
"QHI","DRYINT","flowering","QHI_DRYINT_flowering","DRYINT_flowering","DRYINT_2",2010,188,185,113
"QHI","DRYINT","flowering","QHI_DRYINT_flowering","DRYINT_flowering","DRYINT_3",2010,176,173,116
"QHI","DRYINT","flowering","QHI_DRYINT_flowering","DRYINT_flowering","DRYINT_4",2010,NA,NA,110
"QHI","DRYINT","flowering","QHI_DRYINT_flowering","DRYINT_flowering","DRYINT_5",2010,182,179,110
"QHI","DRYINT","flowering","QHI_DRYINT_flowering","DRYINT_flowering","DRYINT_6",2010,176,173,146
"QHI","DRYINT","flowering","QHI_DRYINT_flowering","DRYINT_flowering","DRYINT_7",2010,171,170,146
"QHI","DRYINT","flowering","QHI_DRYINT_flowering","DRYINT_flowering","DRYINT_8",2010,188,185,146
"QHI","DRYINT","flowering","QHI_DRYINT_flowering","DRYINT_flowering","DRYINT_9",2010,NA,NA,146
"QHI","DRYINT","flowering","QHI_DRYINT_flowering","DRYINT_flowering","DRYINT_10",2010,176,173,140
"QHI","DRYINT","flowering","QHI_DRYINT_flowering","DRYINT_flowering","DRYINT_11",2010,179,176,146
"QHI","DRYINT","flowering","QHI_DRYINT_flowering","DRYINT_flowering","DRYINT_12",2010,NA,NA,146
"QHI","DRYINT","flowering","QHI_DRYINT_flowering","DRYINT_flowering","DRYINT_13",2010,NA,NA,146
"QHI","DRYINT","flowering","QHI_DRYINT_flowering","DRYINT_flowering","DRYINT_14",2010,NA,NA,149
"QHI","DRYINT","flowering","QHI_DRYINT_flowering","DRYINT_flowering","DRYINT_15",2010,179,176,149
"QHI","DRYINT","flowering","QHI_DRYINT_flowering","DRYINT_flowering","DRYINT_16",2010,NA,NA,149
"QHI","DRYINT","flowering","QHI_DRYINT_flowering","DRYINT_flowering","DRYINT_17",2010,NA,NA,146
"QHI","DRYINT","flowering","QHI_DRYINT_flowering","DRYINT_flowering","DRYINT_18",2010,NA,NA,146
"QHI","DRYINT","flowering","QHI_DRYINT_flowering","DRYINT_flowering","DRYINT_19",2010,NA,NA,149
"QHI","DRYINT","flowering","QHI_DRYINT_flowering","DRYINT_flowering","DRYINT_20",2010,188,185,149
"QHI","DRYINT","flowering","QHI_DRYINT_flowering","DRYINT_flowering","DRYINT_1",2009,NA,NA,127
"QHI","DRYINT","flowering","QHI_DRYINT_flowering","DRYINT_flowering","DRYINT_2",2009,NA,NA,127
"QHI","DRYINT","flowering","QHI_DRYINT_flowering","DRYINT_flowering","DRYINT_3",2009,NA,NA,127
"QHI","DRYINT","flowering","QHI_DRYINT_flowering","DRYINT_flowering","DRYINT_4",2009,NA,NA,127
"QHI","DRYINT","flowering","QHI_DRYINT_flowering","DRYINT_flowering","DRYINT_5",2009,NA,NA,127
"QHI","DRYINT","flowering","QHI_DRYINT_flowering","DRYINT_flowering","DRYINT_6",2009,181,178,127
"QHI","DRYINT","flowering","QHI_DRYINT_flowering","DRYINT_flowering","DRYINT_7",2009,172,169,127
"QHI","DRYINT","flowering","QHI_DRYINT_flowering","DRYINT_flowering","DRYINT_8",2009,184,181,127
"QHI","DRYINT","flowering","QHI_DRYINT_flowering","DRYINT_flowering","DRYINT_9",2009,NA,NA,127
"QHI","DRYINT","flowering","QHI_DRYINT_flowering","DRYINT_flowering","DRYINT_10",2009,181,178,127
"QHI","DRYINT","flowering","QHI_DRYINT_flowering","DRYINT_flowering","DRYINT_11",2009,NA,NA,127
"QHI","DRYINT","flowering","QHI_DRYINT_flowering","DRYINT_flowering","DRYINT_12",2009,NA,NA,127
"QHI","DRYINT","flowering","QHI_DRYINT_flowering","DRYINT_flowering","DRYINT_13",2009,181,178,127
"QHI","DRYINT","flowering","QHI_DRYINT_flowering","DRYINT_flowering","DRYINT_14",2009,NA,NA,127
"QHI","DRYINT","flowering","QHI_DRYINT_flowering","DRYINT_flowering","DRYINT_15",2009,NA,NA,127
"QHI","DRYINT","flowering","QHI_DRYINT_flowering","DRYINT_flowering","DRYINT_16",2009,NA,NA,127
"QHI","DRYINT","flowering","QHI_DRYINT_flowering","DRYINT_flowering","DRYINT_17",2009,NA,NA,127
"QHI","DRYINT","flowering","QHI_DRYINT_flowering","DRYINT_flowering","DRYINT_18",2009,NA,NA,127
"QHI","DRYINT","flowering","QHI_DRYINT_flowering","DRYINT_flowering","DRYINT_19",2009,NA,NA,127
"QHI","DRYINT","flowering","QHI_DRYINT_flowering","DRYINT_flowering","DRYINT_20",2009,196,193,127
"QHI","DRYINT","flowering","QHI_DRYINT_flowering","DRYINT_flowering","DRYINT_1",2008,183,180,150
"QHI","DRYINT","flowering","QHI_DRYINT_flowering","DRYINT_flowering","DRYINT_2",2008,174,171,NA
"QHI","DRYINT","flowering","QHI_DRYINT_flowering","DRYINT_flowering","DRYINT_3",2008,171,168,150
"QHI","DRYINT","flowering","QHI_DRYINT_flowering","DRYINT_flowering","DRYINT_4",2008,NA,NA,141
"QHI","DRYINT","flowering","QHI_DRYINT_flowering","DRYINT_flowering","DRYINT_5",2008,NA,NA,141
"QHI","DRYINT","flowering","QHI_DRYINT_flowering","DRYINT_flowering","DRYINT_6",2008,171,168,150
"QHI","DRYINT","flowering","QHI_DRYINT_flowering","DRYINT_flowering","DRYINT_7",2008,NA,NA,141
"QHI","DRYINT","flowering","QHI_DRYINT_flowering","DRYINT_flowering","DRYINT_8",2008,NA,NA,150
"QHI","DRYINT","flowering","QHI_DRYINT_flowering","DRYINT_flowering","DRYINT_9",2008,180,177,141
"QHI","DRYINT","flowering","QHI_DRYINT_flowering","DRYINT_flowering","DRYINT_10",2008,NA,NA,150
"QHI","DRYINT","flowering","QHI_DRYINT_flowering","DRYINT_flowering","DRYINT_11",2008,NA,NA,150
"QHI","DRYINT","flowering","QHI_DRYINT_flowering","DRYINT_flowering","DRYINT_12",2008,NA,NA,150
"QHI","DRYINT","flowering","QHI_DRYINT_flowering","DRYINT_flowering","DRYINT_13",2008,171,168,150
"QHI","DRYINT","flowering","QHI_DRYINT_flowering","DRYINT_flowering","DRYINT_14",2008,175,174,141
"QHI","DRYINT","flowering","QHI_DRYINT_flowering","DRYINT_flowering","DRYINT_15",2008,171,168,150
"QHI","DRYINT","flowering","QHI_DRYINT_flowering","DRYINT_flowering","DRYINT_16",2008,NA,NA,150
"QHI","DRYINT","flowering","QHI_DRYINT_flowering","DRYINT_flowering","DRYINT_17",2008,180,177,150
"QHI","DRYINT","flowering","QHI_DRYINT_flowering","DRYINT_flowering","DRYINT_18",2008,NA,NA,150
"QHI","DRYINT","flowering","QHI_DRYINT_flowering","DRYINT_flowering","DRYINT_19",2008,NA,NA,150
"QHI","DRYINT","flowering","QHI_DRYINT_flowering","DRYINT_flowering","DRYINT_20",2008,180,177,150
"QHI","DRYINT","flowering","QHI_DRYINT_flowering","DRYINT_flowering","DRYINT_1",2007,NA,NA,146
"QHI","DRYINT","flowering","QHI_DRYINT_flowering","DRYINT_flowering","DRYINT_2",2007,179,176,146
"QHI","DRYINT","flowering","QHI_DRYINT_flowering","DRYINT_flowering","DRYINT_3",2007,NA,NA,146
"QHI","DRYINT","flowering","QHI_DRYINT_flowering","DRYINT_flowering","DRYINT_4",2007,NA,NA,119
"QHI","DRYINT","flowering","QHI_DRYINT_flowering","DRYINT_flowering","DRYINT_5",2007,NA,NA,146
"QHI","DRYINT","flowering","QHI_DRYINT_flowering","DRYINT_flowering","DRYINT_6",2007,173,170,146
"QHI","DRYINT","flowering","QHI_DRYINT_flowering","DRYINT_flowering","DRYINT_7",2007,173,170,149
"QHI","DRYINT","flowering","QHI_DRYINT_flowering","DRYINT_flowering","DRYINT_8",2007,182,179,149
"QHI","DRYINT","flowering","QHI_DRYINT_flowering","DRYINT_flowering","DRYINT_9",2007,NA,NA,149
"QHI","DRYINT","flowering","QHI_DRYINT_flowering","DRYINT_flowering","DRYINT_10",2007,173,170,146
"QHI","DRYINT","flowering","QHI_DRYINT_flowering","DRYINT_flowering","DRYINT_11",2007,185,182,146
"QHI","DRYINT","flowering","QHI_DRYINT_flowering","DRYINT_flowering","DRYINT_12",2007,NA,NA,146
"QHI","DRYINT","flowering","QHI_DRYINT_flowering","DRYINT_flowering","DRYINT_13",2007,173,170,146
"QHI","DRYINT","flowering","QHI_DRYINT_flowering","DRYINT_flowering","DRYINT_14",2007,176,173,146
"QHI","DRYINT","flowering","QHI_DRYINT_flowering","DRYINT_flowering","DRYINT_15",2007,182,179,146
"QHI","DRYINT","flowering","QHI_DRYINT_flowering","DRYINT_flowering","DRYINT_16",2007,NA,NA,149
"QHI","DRYINT","flowering","QHI_DRYINT_flowering","DRYINT_flowering","DRYINT_17",2007,182,179,158
"QHI","DRYINT","flowering","QHI_DRYINT_flowering","DRYINT_flowering","DRYINT_18",2007,NA,NA,149
"QHI","DRYINT","flowering","QHI_DRYINT_flowering","DRYINT_flowering","DRYINT_19",2007,182,179,149
"QHI","DRYINT","flowering","QHI_DRYINT_flowering","DRYINT_flowering","DRYINT_20",2007,191,188,149
"QHI","DRYINT","flowering","QHI_DRYINT_flowering","DRYINT_flowering","DRYINT_1",2006,NA,NA,132
"QHI","DRYINT","flowering","QHI_DRYINT_flowering","DRYINT_flowering","DRYINT_2",2006,174,168,135
"QHI","DRYINT","flowering","QHI_DRYINT_flowering","DRYINT_flowering","DRYINT_3",2006,174,168,135
"QHI","DRYINT","flowering","QHI_DRYINT_flowering","DRYINT_flowering","DRYINT_4",2006,NA,NA,135
"QHI","DRYINT","flowering","QHI_DRYINT_flowering","DRYINT_flowering","DRYINT_5",2006,NA,NA,135
"QHI","DRYINT","flowering","QHI_DRYINT_flowering","DRYINT_flowering","DRYINT_6",2006,174,168,135
"QHI","DRYINT","flowering","QHI_DRYINT_flowering","DRYINT_flowering","DRYINT_7",2006,174,168,135
"QHI","DRYINT","flowering","QHI_DRYINT_flowering","DRYINT_flowering","DRYINT_8",2006,180,177,132
"QHI","DRYINT","flowering","QHI_DRYINT_flowering","DRYINT_flowering","DRYINT_9",2006,NA,NA,135
"QHI","DRYINT","flowering","QHI_DRYINT_flowering","DRYINT_flowering","DRYINT_10",2006,NA,NA,135
"QHI","DRYINT","flowering","QHI_DRYINT_flowering","DRYINT_flowering","DRYINT_11",2006,180,177,135
"QHI","DRYINT","flowering","QHI_DRYINT_flowering","DRYINT_flowering","DRYINT_12",2006,NA,NA,135
"QHI","DRYINT","flowering","QHI_DRYINT_flowering","DRYINT_flowering","DRYINT_13",2006,177,174,135
"QHI","DRYINT","flowering","QHI_DRYINT_flowering","DRYINT_flowering","DRYINT_14",2006,174,168,135
"QHI","DRYINT","flowering","QHI_DRYINT_flowering","DRYINT_flowering","DRYINT_15",2006,177,174,135
"QHI","DRYINT","flowering","QHI_DRYINT_flowering","DRYINT_flowering","DRYINT_16",2006,NA,NA,135
"QHI","DRYINT","flowering","QHI_DRYINT_flowering","DRYINT_flowering","DRYINT_17",2006,180,177,135
"QHI","DRYINT","flowering","QHI_DRYINT_flowering","DRYINT_flowering","DRYINT_18",2006,NA,NA,135
"QHI","DRYINT","flowering","QHI_DRYINT_flowering","DRYINT_flowering","DRYINT_19",2006,177,174,135
"QHI","DRYINT","flowering","QHI_DRYINT_flowering","DRYINT_flowering","DRYINT_20",2006,NA,NA,135
"QHI","DRYINT","flowering","QHI_DRYINT_flowering","DRYINT_flowering","DRYINT_1",2005,NA,NA,117
"QHI","DRYINT","flowering","QHI_DRYINT_flowering","DRYINT_flowering","DRYINT_2",2005,NA,NA,117
"QHI","DRYINT","flowering","QHI_DRYINT_flowering","DRYINT_flowering","DRYINT_3",2005,NA,NA,117
"QHI","DRYINT","flowering","QHI_DRYINT_flowering","DRYINT_flowering","DRYINT_4",2005,NA,NA,114
"QHI","DRYINT","flowering","QHI_DRYINT_flowering","DRYINT_flowering","DRYINT_5",2005,NA,NA,114
"QHI","DRYINT","flowering","QHI_DRYINT_flowering","DRYINT_flowering","DRYINT_6",2005,NA,NA,120
"QHI","DRYINT","flowering","QHI_DRYINT_flowering","DRYINT_flowering","DRYINT_7",2005,174,171,120
"QHI","DRYINT","flowering","QHI_DRYINT_flowering","DRYINT_flowering","DRYINT_8",2005,183,180,120
"QHI","DRYINT","flowering","QHI_DRYINT_flowering","DRYINT_flowering","DRYINT_9",2005,NA,NA,123
"QHI","DRYINT","flowering","QHI_DRYINT_flowering","DRYINT_flowering","DRYINT_10",2005,NA,NA,117
"QHI","DRYINT","flowering","QHI_DRYINT_flowering","DRYINT_flowering","DRYINT_11",2005,190,189,117
"QHI","DRYINT","flowering","QHI_DRYINT_flowering","DRYINT_flowering","DRYINT_12",2005,NA,NA,117
"QHI","DRYINT","flowering","QHI_DRYINT_flowering","DRYINT_flowering","DRYINT_13",2005,183,180,120
"QHI","DRYINT","flowering","QHI_DRYINT_flowering","DRYINT_flowering","DRYINT_14",2005,186,183,117
"QHI","DRYINT","flowering","QHI_DRYINT_flowering","DRYINT_flowering","DRYINT_15",2005,183,180,123
"QHI","DRYINT","flowering","QHI_DRYINT_flowering","DRYINT_flowering","DRYINT_16",2005,NA,NA,138
"QHI","DRYINT","flowering","QHI_DRYINT_flowering","DRYINT_flowering","DRYINT_17",2005,NA,NA,144
"QHI","DRYINT","flowering","QHI_DRYINT_flowering","DRYINT_flowering","DRYINT_18",2005,NA,NA,147
"QHI","DRYINT","flowering","QHI_DRYINT_flowering","DRYINT_flowering","DRYINT_19",2005,190,189,144
"QHI","DRYINT","flowering","QHI_DRYINT_flowering","DRYINT_flowering","DRYINT_20",2005,NA,NA,147
"QHI","DRYINT","flowering","QHI_DRYINT_flowering","DRYINT_flowering","DRYINT_1",2004,NA,NA,NA
"QHI","DRYINT","flowering","QHI_DRYINT_flowering","DRYINT_flowering","DRYINT_2",2004,182,179,135
"QHI","DRYINT","flowering","QHI_DRYINT_flowering","DRYINT_flowering","DRYINT_3",2004,173,170,117
"QHI","DRYINT","flowering","QHI_DRYINT_flowering","DRYINT_flowering","DRYINT_4",2004,NA,NA,141
"QHI","DRYINT","flowering","QHI_DRYINT_flowering","DRYINT_flowering","DRYINT_5",2004,182,179,132
"QHI","DRYINT","flowering","QHI_DRYINT_flowering","DRYINT_flowering","DRYINT_6",2004,182,179,144
"QHI","DRYINT","flowering","QHI_DRYINT_flowering","DRYINT_flowering","DRYINT_7",2004,182,179,150
"QHI","DRYINT","flowering","QHI_DRYINT_flowering","DRYINT_flowering","DRYINT_8",2004,182,179,150
"QHI","DRYINT","flowering","QHI_DRYINT_flowering","DRYINT_flowering","DRYINT_9",2004,182,179,153
"QHI","DRYINT","flowering","QHI_DRYINT_flowering","DRYINT_flowering","DRYINT_10",2004,182,179,153
"QHI","DRYINT","flowering","QHI_DRYINT_flowering","DRYINT_flowering","DRYINT_11",2004,185,182,156
"QHI","DRYINT","flowering","QHI_DRYINT_flowering","DRYINT_flowering","DRYINT_12",2004,NA,NA,159
"QHI","DRYINT","flowering","QHI_DRYINT_flowering","DRYINT_flowering","DRYINT_13",2004,182,179,159
"QHI","DRYINT","flowering","QHI_DRYINT_flowering","DRYINT_flowering","DRYINT_14",2004,185,182,159
"QHI","DRYINT","flowering","QHI_DRYINT_flowering","DRYINT_flowering","DRYINT_15",2004,182,179,159
"QHI","DRYINT","flowering","QHI_DRYINT_flowering","DRYINT_flowering","DRYINT_16",2004,NA,NA,159
"QHI","DRYINT","flowering","QHI_DRYINT_flowering","DRYINT_flowering","DRYINT_17",2004,NA,NA,159
"QHI","DRYINT","flowering","QHI_DRYINT_flowering","DRYINT_flowering","DRYINT_18",2004,185,182,159
"QHI","DRYINT","flowering","QHI_DRYINT_flowering","DRYINT_flowering","DRYINT_19",2004,191,188,162
"QHI","DRYINT","flowering","QHI_DRYINT_flowering","DRYINT_flowering","DRYINT_20",2004,191,188,162
"QHI","DRYINT","flowering","QHI_DRYINT_flowering","DRYINT_flowering","DRYINT_1",2003,190,188,141
"QHI","DRYINT","flowering","QHI_DRYINT_flowering","DRYINT_flowering","DRYINT_2",2003,183,179,141
"QHI","DRYINT","flowering","QHI_DRYINT_flowering","DRYINT_flowering","DRYINT_3",2003,183,179,141
"QHI","DRYINT","flowering","QHI_DRYINT_flowering","DRYINT_flowering","DRYINT_4",2003,NA,NA,141
"QHI","DRYINT","flowering","QHI_DRYINT_flowering","DRYINT_flowering","DRYINT_5",2003,183,179,141
"QHI","DRYINT","flowering","QHI_DRYINT_flowering","DRYINT_flowering","DRYINT_6",2003,183,179,141
"QHI","DRYINT","flowering","QHI_DRYINT_flowering","DRYINT_flowering","DRYINT_7",2003,183,179,147
"QHI","DRYINT","flowering","QHI_DRYINT_flowering","DRYINT_flowering","DRYINT_8",2003,183,179,141
"QHI","DRYINT","flowering","QHI_DRYINT_flowering","DRYINT_flowering","DRYINT_9",2003,183,179,147
"QHI","DRYINT","flowering","QHI_DRYINT_flowering","DRYINT_flowering","DRYINT_10",2003,183,179,147
"QHI","DRYINT","flowering","QHI_DRYINT_flowering","DRYINT_flowering","DRYINT_11",2003,183,179,147
"QHI","DRYINT","flowering","QHI_DRYINT_flowering","DRYINT_flowering","DRYINT_12",2003,183,179,147
"QHI","DRYINT","flowering","QHI_DRYINT_flowering","DRYINT_flowering","DRYINT_13",2003,183,179,147
"QHI","DRYINT","flowering","QHI_DRYINT_flowering","DRYINT_flowering","DRYINT_14",2003,183,179,147
"QHI","DRYINT","flowering","QHI_DRYINT_flowering","DRYINT_flowering","DRYINT_15",2003,183,179,147
"QHI","DRYINT","flowering","QHI_DRYINT_flowering","DRYINT_flowering","DRYINT_16",2003,183,179,147
"QHI","DRYINT","flowering","QHI_DRYINT_flowering","DRYINT_flowering","DRYINT_17",2003,183,179,147
"QHI","DRYINT","flowering","QHI_DRYINT_flowering","DRYINT_flowering","DRYINT_18",2003,NA,NA,147
"QHI","DRYINT","flowering","QHI_DRYINT_flowering","DRYINT_flowering","DRYINT_19",2003,183,179,147
"QHI","DRYINT","flowering","QHI_DRYINT_flowering","DRYINT_flowering","DRYINT_20",2003,NA,NA,141
"QHI","DRYINT","flowering","QHI_DRYINT_flowering","DRYINT_flowering","DRYINT_1",2002,NA,NA,131
"QHI","DRYINT","flowering","QHI_DRYINT_flowering","DRYINT_flowering","DRYINT_2",2002,185,179,131
"QHI","DRYINT","flowering","QHI_DRYINT_flowering","DRYINT_flowering","DRYINT_3",2002,185,179,131
"QHI","DRYINT","flowering","QHI_DRYINT_flowering","DRYINT_flowering","DRYINT_4",2002,NA,NA,131
"QHI","DRYINT","flowering","QHI_DRYINT_flowering","DRYINT_flowering","DRYINT_5",2002,NA,NA,131
"QHI","DRYINT","flowering","QHI_DRYINT_flowering","DRYINT_flowering","DRYINT_6",2002,170,168,131
"QHI","DRYINT","flowering","QHI_DRYINT_flowering","DRYINT_flowering","DRYINT_7",2002,176,173,131
"QHI","DRYINT","flowering","QHI_DRYINT_flowering","DRYINT_flowering","DRYINT_8",2002,NA,NA,131
"QHI","DRYINT","flowering","QHI_DRYINT_flowering","DRYINT_flowering","DRYINT_9",2002,NA,NA,131
"QHI","DRYINT","flowering","QHI_DRYINT_flowering","DRYINT_flowering","DRYINT_10",2002,185,179,131
"QHI","DRYINT","flowering","QHI_DRYINT_flowering","DRYINT_flowering","DRYINT_11",2002,179,176,131
"QHI","DRYINT","flowering","QHI_DRYINT_flowering","DRYINT_flowering","DRYINT_12",2002,NA,NA,131
"QHI","DRYINT","flowering","QHI_DRYINT_flowering","DRYINT_flowering","DRYINT_13",2002,NA,NA,131
"QHI","DRYINT","flowering","QHI_DRYINT_flowering","DRYINT_flowering","DRYINT_14",2002,170,168,131
"QHI","DRYINT","flowering","QHI_DRYINT_flowering","DRYINT_flowering","DRYINT_15",2002,194,191,131
"QHI","DRYINT","flowering","QHI_DRYINT_flowering","DRYINT_flowering","DRYINT_16",2002,NA,NA,131
"QHI","DRYINT","flowering","QHI_DRYINT_flowering","DRYINT_flowering","DRYINT_17",2002,191,188,131
"QHI","DRYINT","flowering","QHI_DRYINT_flowering","DRYINT_flowering","DRYINT_18",2002,NA,NA,131
"QHI","DRYINT","flowering","QHI_DRYINT_flowering","DRYINT_flowering","DRYINT_19",2002,NA,NA,131
"QHI","DRYINT","flowering","QHI_DRYINT_flowering","DRYINT_flowering","DRYINT_20",2002,NA,NA,131
"QHI","DRYINT","flowering","QHI_DRYINT_flowering","DRYINT_flowering","DRYINT_1",2001,195,194,156
"QHI","DRYINT","flowering","QHI_DRYINT_flowering","DRYINT_flowering","DRYINT_2",2001,184,182,156
"QHI","DRYINT","flowering","QHI_DRYINT_flowering","DRYINT_flowering","DRYINT_3",2001,190,189,156
"QHI","DRYINT","flowering","QHI_DRYINT_flowering","DRYINT_flowering","DRYINT_4",2001,189,188,156
"QHI","DRYINT","flowering","QHI_DRYINT_flowering","DRYINT_flowering","DRYINT_5",2001,178,175,156
"QHI","DRYINT","flowering","QHI_DRYINT_flowering","DRYINT_flowering","DRYINT_6",2001,182,181,156
"QHI","DRYINT","flowering","QHI_DRYINT_flowering","DRYINT_flowering","DRYINT_7",2001,NA,NA,156
"QHI","DRYINT","flowering","QHI_DRYINT_flowering","DRYINT_flowering","DRYINT_8",2001,190,189,156
"QHI","DRYINT","flowering","QHI_DRYINT_flowering","DRYINT_flowering","DRYINT_9",2001,182,181,156
"QHI","DRYINT","flowering","QHI_DRYINT_flowering","DRYINT_flowering","DRYINT_10",2001,178,175,156
"QHI","DRYINT","flowering","QHI_DRYINT_flowering","DRYINT_flowering","DRYINT_11",2001,184,182,156
"QHI","DRYINT","flowering","QHI_DRYINT_flowering","DRYINT_flowering","DRYINT_12",2001,NA,NA,156
"QHI","DRYINT","flowering","QHI_DRYINT_flowering","DRYINT_flowering","DRYINT_13",2001,182,181,156
"QHI","DRYINT","flowering","QHI_DRYINT_flowering","DRYINT_flowering","DRYINT_14",2001,181,178,156
"QHI","DRYINT","flowering","QHI_DRYINT_flowering","DRYINT_flowering","DRYINT_15",2001,194,190,156
"QHI","DRYINT","flowering","QHI_DRYINT_flowering","DRYINT_flowering","DRYINT_16",2001,194,190,156
"QHI","DRYINT","flowering","QHI_DRYINT_flowering","DRYINT_flowering","DRYINT_17",2001,199,196,156
"QHI","DRYINT","flowering","QHI_DRYINT_flowering","DRYINT_flowering","DRYINT_18",2001,NA,NA,156
"QHI","DRYINT","flowering","QHI_DRYINT_flowering","DRYINT_flowering","DRYINT_19",2001,184,182,156
"QHI","DRYINT","flowering","QHI_DRYINT_flowering","DRYINT_flowering","DRYINT_20",2001,178,175,156
